time (s),V(vdd_pll) (V),V(ctrl) (V),I(mp0) (A),V(vref) (V)
0,0.8000755,-1.477668e-06,0.0008728068,0.600007
8.95e-10,0.7999845,4.150062e-06,0.0008720883,0.6000069
9.1e-10,0.8001044,1.011801e-05,0.0008726168,0.6000155
9.25e-10,0.7998422,2.432536e-06,0.0008727885,0.5999881
9.4e-10,0.7999264,0.02861938,0.0008750895,0.6000079
9.55e-10,0.7999568,0.1139031,0.0008786862,0.5999926
9.7e-10,0.7999939,0.247325,0.0008856758,0.6000178
9.85e-10,0.7998632,0.4157354,0.0008939578,0.5999911
1e-09,0.800034,0.602377,0.0009033225,0.600045
1.015e-09,0.7998216,0.7887448,0.0009122284,0.599985
1.03e-09,0.8001031,0.9564573,0.0009214107,0.5999931
1.045e-09,0.7999615,1.08883,0.0009283498,0.5999921
1.06e-09,0.8000305,1.172782,0.0009310295,0.5999814
1.075e-09,0.7997965,1.200008,0.0009333512,0.600027
1.09e-09,0.7999465,1.200007,0.0009331738,0.5999891
1.105e-09,0.8003698,1.199993,0.0009332358,0.5999965
2e-09,0.8000876,1.199984,0.000932437,0.6000102
3.775e-09,0.8002192,1.199981,0.0009335439,0.6000173
3.79e-09,0.7997564,1.200005,0.0009324231,0.6000318
3.805e-09,0.7999238,1.199214,0.0009339109,0.6000462
3.82e-09,0.8000927,1.16288,0.000931123,0.6000256
3.835e-09,0.8000708,1.075485,0.0009268224,0.5999979
3.85e-09,0.8001376,0.9449389,0.0009206385,0.6000101
3.865e-09,0.8001912,0.7830885,0.0009121389,0.6000229
3.88e-09,0.7999078,0.6046222,0.0009027089,0.5999937
3.895e-09,0.800311,0.4257665,0.0008944144,0.6000077
3.91e-09,0.7998832,0.2627148,0.0008860639,0.5999857
3.925e-09,0.7997255,0.1302006,0.0008796677,0.6000093
3.94e-09,0.7997405,0.04037509,0.0008749256,0.5999882
3.955e-09,0.7999905,0.001330455,0.0008728439,0.599963
3.97e-09,0.7997332,1.528269e-05,0.0008730771,0.5999903
3.985e-09,0.7998513,-6.069248e-06,0.0008723648,0.5999837
4e-09,0.8001292,8.399224e-06,0.0008735346,0.6000402
6e-09,0.8001518,7.647477e-06,0.0008729676,0.6000383
7.295e-09,0.8002398,-1.089116e-06,0.0008730302,0.6000315
7.31e-09,0.800063,1.864893e-05,0.0008738459,0.6000442
7.325e-09,0.7999097,0.002902628,0.0008733877,0.5999999
7.34e-09,0.7998899,0.05077325,0.0008755579,0.6000273
7.355e-09,0.8000359,0.1530643,0.0008795155,0.599989
7.37e-09,0.7999934,0.2996592,0.0008880601,0.6000642
7.385e-09,0.7998473,0.4760005,0.000897254,0.6000093
7.4e-09,0.7998463,0.6646381,0.0009056422,0.6000188
7.415e-09,0.7998162,0.8469432,0.0009148876,0.600025
7.43e-09,0.7999457,1.004648,0.0009226914,0.6000394
7.445e-09,0.8000254,1.122343,0.0009297836,0.6000629
7.46e-09,0.799689,1.188251,0.0009322435,0.5999979
7.475e-09,0.7999388,1.19999,0.000932628,0.6000303
7.49e-09,0.8000934,1.200016,0.0009325653,0.6000398
7.505e-09,0.8000414,1.199981,0.0009336466,0.6000232
8e-09,0.8001207,1.199983,0.0009327334,0.6000266
1e-08,0.7996345,1.199981,0.0009321768,0.6000321
1.0175e-08,0.799971,1.200003,0.000933259,0.6000248
1.019e-08,0.7998749,1.200016,0.0009330192,0.600045
1.0205e-08,0.7998743,1.199984,0.0009327074,0.6000357
1.022e-08,0.8000391,1.174375,0.0009319436,0.6000282
1.0235e-08,0.7999414,1.096622,0.0009285075,0.6000263
1.025e-08,0.8001902,0.9738194,0.0009215384,0.6000034
1.0265e-08,0.8001546,0.817079,0.0009136856,0.6000144
1.028e-08,0.7997714,0.6406638,0.0009049542,0.6000386
1.0295e-08,0.7999422,0.4605593,0.0008949721,0.600048
1.031e-08,0.7999775,0.2930805,0.0008873168,0.6000125
1.0325e-08,0.7997255,0.1534788,0.000880572,0.6000224
1.034e-08,0.8000665,0.05441632,0.0008764404,0.600028
1.0355e-08,0.7998835,0.004784274,0.0008727641,0.6000095
1.037e-08,0.7998979,6.474538e-06,0.0008723773,0.6000411
1.0385e-08,0.8001211,5.094986e-06,0.0008728175,0.6000281
1.2e-08,0.8002465,-1.363168e-05,0.0008730218,0.6000152
1.3695e-08,0.8000582,-9.396657e-06,0.0008738818,0.6000576
1.371e-08,0.8000838,2.665565e-06,0.0008726082,0.6000731
1.3725e-08,0.7998323,7.817789e-06,0.0008727682,0.6000447
1.374e-08,0.7999346,0.02977097,0.0008751148,0.6000529
1.3755e-08,0.7998173,0.1160288,0.0008786701,0.6000273
1.377e-08,0.8000505,0.2502245,0.0008850189,0.6000714
1.3785e-08,0.8000835,0.4191493,0.0008939203,0.6000496
1.38e-08,0.7999516,0.6059543,0.0009037131,0.6000579
1.3815e-08,0.8000259,0.7921767,0.0009129229,0.6000496
1.383e-08,0.7998779,0.9593972,0.0009203769,0.6000775
1.3845e-08,0.7997225,1.090925,0.0009282261,0.6000299
1.386e-08,0.8001015,1.173851,0.0009321866,0.6000295
1.3875e-08,0.8000128,1.199967,0.0009336336,0.6000475
1.389e-08,0.7999147,1.199978,0.0009332225,0.6000711
1.3905e-08,0.7999861,1.200024,0.0009338173,0.6000283
1.4e-08,0.8001781,1.200012,0.0009340197,0.6000351
1.6e-08,0.8001145,1.200014,0.0009329786,0.5999955
1.6575e-08,0.8002331,1.200031,0.0009329299,0.6000606
1.659e-08,0.7998294,1.200019,0.0009325874,0.6000718
1.6605e-08,0.8002539,1.198528,0.0009333837,0.6000288
1.662e-08,0.7999095,1.158978,0.0009311192,0.6000424
1.6635e-08,0.7998375,1.068602,0.0009274113,0.6000205
1.665e-08,0.7999648,0.935787,0.000919372,0.6000029
1.6665e-08,0.799959,0.7724752,0.0009119413,0.6000419
1.668e-08,0.7999659,0.5934867,0.0009019039,0.6000565
1.6695e-08,0.8000246,0.4151242,0.0008936816,0.6000594
1.671e-08,0.7997594,0.2535048,0.0008850868,0.6000513
1.6725e-08,0.7998759,0.1233823,0.0008802724,0.6000402
1.674e-08,0.7997747,0.03649965,0.0008746609,0.6000654
1.6755e-08,0.7998399,0.0006744947,0.0008727194,0.6000369
1.677e-08,0.7998679,-2.411257e-05,0.0008737178,0.6000488
1.6785e-08,0.8000324,1.774064e-05,0.0008732432,0.6000528
1.8e-08,0.8000834,-4.293027e-06,0.0008722965,0.6000255
2e-08,0.7999065,-1.713422e-05,0.0008736671,0.6000343
2.0095e-08,0.8001174,-3.718263e-05,0.0008720291,0.6000334
2.011e-08,0.7999511,5.307886e-06,0.0008732704,0.6000901
2.0125e-08,0.800009,0.004672337,0.0008733319,0.60009
2.014e-08,0.7998667,0.05739633,0.0008765248,0.6000407
2.0155e-08,0.8002145,0.1638551,0.0008807106,0.6000384
2.017e-08,0.8001382,0.3136032,0.0008876622,0.6000764
2.0185e-08,0.7998312,0.4916949,0.000898012,0.6000269
2.02e-08,0.8001606,0.6805055,0.0009076182,0.6000618
2.0215e-08,0.7998761,0.8613708,0.0009156608,0.6000292
2.023e-08,0.7999804,1.01634,0.0009241595,0.6000831
2.0245e-08,0.8002358,1.130018,0.0009296628,0.6000639
2.026e-08,0.7999713,1.191173,0.0009320296,0.6000476
2.0275e-08,0.8001221,1.200001,0.000932273,0.6000518
2.029e-08,0.8000951,1.200009,0.0009318192,0.6000681
2.0305e-08,0.7999324,1.200008,0.000933423,0.6000722
2.2e-08,0.7997554,1.200003,0.0009324074,0.6000512
2.2975e-08,0.7998936,1.200008,0.0009327015,0.6000809
2.299e-08,0.8001786,1.199985,0.0009331522,0.6000876
2.3005e-08,0.8000073,1.196282,0.0009333771,0.6000679
2.302e-08,0.7998665,1.149319,0.0009300606,0.6000541
2.3035e-08,0.8000272,1.05253,0.0009255919,0.6000599
2.305e-08,0.800418,0.9146868,0.0009182899,0.6000513
2.3065e-08,0.8002533,0.7482456,0.0009111192,0.6000646
2.308e-08,0.8001211,0.5684104,0.0009017443,0.6000536
2.3095e-08,0.7998701,0.3914193,0.0008929905,0.6000448
2.311e-08,0.800058,0.2333967,0.0008854463,0.6000521
2.3125e-08,0.8000593,0.1085626,0.0008782941,0.600033
2.314e-08,0.8000091,0.028333,0.0008747806,0.6000376
2.3155e-08,0.800156,2.132861e-05,0.0008725569,0.6000604
2.317e-08,0.8001713,-3.240776e-05,0.0008731954,0.6000723
2.3185e-08,0.8001098,-2.683052e-05,0.0008731114,0.6000424
2.4e-08,0.7999851,-1.942505e-05,0.0008738716,0.6000818
2.6e-08,0.8000508,1.576341e-05,0.0008724972,0.6000863
2.6495e-08,0.8001539,-1.05569e-05,0.0008737416,0.6000527
2.651e-08,0.7997443,2.668194e-06,0.0008734185,0.6000825
2.6525e-08,0.8000895,3.092531e-05,0.0008725965,0.6000845
2.654e-08,0.7999692,0.02796081,0.000874234,0.6000783
2.6555e-08,0.8000086,0.1125143,0.0008787371,0.6001085
2.657e-08,0.8000982,0.2454238,0.0008846589,0.6000794
2.6585e-08,0.8001254,0.4134764,0.0008932983,0.6000427
2.66e-08,0.799865,0.5999775,0.0009036585,0.6000895
2.6615e-08,0.7998952,0.7865456,0.0009123581,0.6000723
2.663e-08,0.7996785,0.9545513,0.0009211389,0.6000693
2.6645e-08,0.800159,1.087459,0.0009274815,0.6001238
2.666e-08,0.8002824,1.172054,0.0009318188,0.6000123
2.6675e-08,0.8000193,1.200021,0.0009323695,0.6000783
2.669e-08,0.7998752,1.199996,0.0009330645,0.6000309
2.6705e-08,0.8001716,1.200002,0.0009326635,0.600022
2.8e-08,0.7999143,1.19999,0.0009334861,0.6000741
2.9375e-08,0.7998932,1.200004,0.0009341209,0.600075
2.939e-08,0.8001927,1.199993,0.0009328354,0.6001042
2.9405e-08,0.7998574,1.19989,0.0009333387,0.600092
2.942e-08,0.7998661,1.169264,0.0009310017,0.6001066
2.9435e-08,0.7999008,1.08695,0.0009280118,0.6001049
2.945e-08,0.8001047,0.960529,0.0009202736,0.6001059
2.9465e-08,0.7999546,0.8013705,0.0009130795,0.6000705
2.948e-08,0.7997683,0.6238889,0.0009044484,0.6000828
2.9495e-08,0.7997375,0.4442751,0.0008941483,0.6000811
2.951e-08,0.8002529,0.2788128,0.0008882522,0.6000729
2.9525e-08,0.7998657,0.1423952,0.0008798335,0.6000813
2.954e-08,0.7997799,0.04760855,0.0008750403,0.6001107
2.9555e-08,0.8001948,0.002909754,0.0008731999,0.6000901
2.957e-08,0.7999049,-1.75895e-05,0.0008722401,0.6000643
2.9585e-08,0.800113,2.561675e-05,0.000872747,0.6001185
3e-08,0.7999391,1.962824e-05,0.0008733487,0.600096
3.2e-08,0.7998923,2.626122e-05,0.0008732215,0.600088
3.2895e-08,0.8002957,3.598596e-06,0.0008726693,0.6000627
3.291e-08,0.8002633,-1.712271e-05,0.0008730789,0.60008
3.2925e-08,0.7999483,-3.404651e-05,0.0008732318,0.6000863
3.294e-08,0.8002309,0.009203999,0.0008738326,0.6001064
3.2955e-08,0.7997537,0.07102349,0.0008760794,0.6000693
3.297e-08,0.8003762,0.1853236,0.0008825889,0.6000457
3.2985e-08,0.8000376,0.3406963,0.0008895882,0.6001096
3.3e-08,0.7998781,0.5217251,0.0008992988,0.6000606
3.3015e-08,0.799816,0.7105271,0.0009087498,0.6000603
3.303e-08,0.8001589,0.8884193,0.0009177731,0.6000956
3.3045e-08,0.7998598,1.037664,0.0009231828,0.6000769
3.306e-08,0.799885,1.143589,0.0009302667,0.6000937
3.3075e-08,0.7998413,1.195594,0.0009323951,0.6001123
3.309e-08,0.8000814,1.199993,0.0009336078,0.6000567
3.3105e-08,0.7999706,1.200032,0.000933344,0.600083
3.4e-08,0.7999935,1.199998,0.0009324676,0.6000816
3.5775e-08,0.7999747,1.200026,0.0009327105,0.6000768
3.579e-08,0.8000058,1.199972,0.0009332135,0.6000903
3.5805e-08,0.8000228,1.20001,0.000932858,0.6001018
3.582e-08,0.8000067,1.176075,0.0009315443,0.6000924
3.5835e-08,0.8000241,1.10002,0.0009280179,0.6000769
3.585e-08,0.8002318,0.9785617,0.0009219868,0.600112
3.5865e-08,0.8000097,0.8227951,0.0009134389,0.600086
3.588e-08,0.7998649,0.6467935,0.0009061249,0.6000859
3.5895e-08,0.799756,0.4665413,0.0008965347,0.6000605
3.591e-08,0.8001054,0.2984165,0.0008877467,0.6000835
3.5925e-08,0.7999118,0.1576556,0.000881234,0.6000811
3.594e-08,0.7998543,0.05699705,0.0008759235,0.6000895
3.5955e-08,0.7999386,0.005621381,0.0008730022,0.6001233
3.597e-08,0.8001634,2.611948e-05,0.0008722792,0.6001122
3.5985e-08,0.800108,1.851795e-06,0.0008719822,0.6000816
3.6e-08,0.7999031,8.079292e-06,0.000873306,0.6001217
3.8e-08,0.8000839,-1.904155e-05,0.0008738969,0.6001135
3.9295e-08,0.7999364,4.40603e-06,0.0008737392,0.6000837
3.931e-08,0.7998502,2.426141e-06,0.000872989,0.6001032
3.9325e-08,0.7998763,9.463147e-06,0.0008720897,0.6001285
3.934e-08,0.7998685,0.01174658,0.0008727765,0.6001045
3.9355e-08,0.7999417,0.07757579,0.0008766014,0.6001082
3.937e-08,0.8001007,0.1952127,0.0008823043,0.6000841
3.9385e-08,0.7998094,0.3529722,0.0008905591,0.6001292
3.94e-08,0.8000232,0.5352059,0.0008994464,0.6000978
3.9415e-08,0.7998033,0.7238187,0.0009086256,0.6000891
3.943e-08,0.7998495,0.9002123,0.0009177937,0.6000957
3.9445e-08,0.7999927,1.046837,0.0009262974,0.6001081
3.946e-08,0.8000751,1.149173,0.0009303302,0.6001218
3.9475e-08,0.7999967,1.197064,0.0009327882,0.6001235
3.949e-08,0.7999391,1.200028,0.000932509,0.6001255
3.9505e-08,0.7998898,1.199993,0.0009331114,0.6001272
3.98e-08,0.7997899,1.199989,0.0009329628,0.600119
3.981e-08,0.8000128,1.200001,0.0009336521,0.6000793
3.982e-08,0.8000665,1.199991,0.0009328831,0.6000802
3.983e-08,0.7999324,1.199989,0.0009330726,0.6001223
3.984e-08,0.7998691,1.200005,0.0009329251,0.6000644
3.985e-08,0.7998703,1.200006,0.0009321985,0.6001307
3.986e-08,0.8001124,1.200011,0.0009330533,0.6000789
3.987e-08,0.8000683,1.199988,0.0009329148,0.6001116
3.988e-08,0.8001137,1.199967,0.0009324833,0.6001223
3.989e-08,0.8000622,1.200008,0.000932348,0.6001249
3.99e-08,0.8000156,1.200017,0.0009327203,0.6001284
3.991e-08,0.799962,1.199959,0.0009331272,0.6000948
3.992e-08,0.7999985,1.200002,0.000933053,0.6001616
3.993e-08,0.8001206,1.2,0.0009329292,0.6001398
3.994e-08,0.7998822,1.199997,0.0009332985,0.6001328
3.995e-08,0.8000913,1.199996,0.0009328785,0.6000851
3.996e-08,0.7999641,1.2,0.000932996,0.6001457
3.997e-08,0.7998601,1.2,0.0009324789,0.6001022
3.998e-08,0.7997735,1.200008,0.0009328758,0.6001199
3.999e-08,0.8000478,1.200008,0.0009330498,0.6001294
4e-08,0.799764,1.200012,0.0009333552,0.6001386
4.001e-08,0.7999779,1.199974,0.000932491,0.6001242
4.002e-08,0.7997565,1.200017,0.0009330795,0.6000651
4.003e-08,0.7998083,1.200017,0.0009345362,0.6000742
4.004e-08,0.7996305,1.200017,0.000935276,0.6000863
4.005e-08,0.7993244,1.200011,0.000936094,0.6001334
4.006e-08,0.7992953,1.199997,0.000938512,0.6001226
4.007e-08,0.7989095,1.199992,0.0009395461,0.6000784
4.008e-08,0.798417,1.200001,0.0009427511,0.6001131
4.009e-08,0.7983265,1.199986,0.0009454262,0.6000849
4.01e-08,0.7977135,1.199997,0.0009483745,0.6001377
4.011e-08,0.7970103,1.199987,0.0009508369,0.6000803
4.012e-08,0.7969829,1.199977,0.0009540471,0.6000897
4.013e-08,0.7965216,1.199998,0.0009574234,0.600101
4.014e-08,0.7957217,1.199962,0.0009613311,0.6001231
4.015e-08,0.7951983,1.199992,0.000965296,0.6001096
4.016e-08,0.7945549,1.200042,0.0009706562,0.6000922
4.017e-08,0.7940438,1.19999,0.0009756878,0.6000946
4.018e-08,0.7931732,1.199998,0.000980068,0.6001092
4.019e-08,0.7923146,1.199991,0.0009847359,0.6001207
4.02e-08,0.7916887,1.199988,0.0009902284,0.6001411
4.021e-08,0.7907307,1.200034,0.0009959001,0.6000953
4.022e-08,0.7898758,1.200014,0.001001752,0.6001431
4.023e-08,0.7889129,1.200009,0.00100766,0.6001026
4.024e-08,0.7881656,1.200039,0.001014654,0.6001037
4.025e-08,0.7872354,1.200002,0.001021315,0.6001098
4.026e-08,0.7861324,1.200011,0.001027329,0.6001172
4.027e-08,0.7851023,1.200013,0.001035012,0.6000902
4.028e-08,0.7842545,1.199988,0.001042483,0.6001093
4.029e-08,0.7831717,1.19995,0.001048651,0.6001059
4.03e-08,0.7817616,1.199985,0.001056335,0.6001063
4.031e-08,0.7810462,1.199984,0.001064005,0.6001168
4.032e-08,0.7797463,1.199977,0.001071411,0.600107
4.033e-08,0.7784036,1.199974,0.001080515,0.6001167
4.034e-08,0.7774195,1.199973,0.001088588,0.600119
4.035e-08,0.7761205,1.199993,0.001095232,0.6001074
4.036e-08,0.7748889,1.200006,0.00110624,0.6001069
4.037e-08,0.7737533,1.199997,0.001113986,0.6001206
4.038e-08,0.7722873,1.200049,0.001121381,0.6000928
4.039e-08,0.7709968,1.200034,0.001131031,0.6000954
4.04e-08,0.7696759,1.199965,0.001139814,0.6000889
4.041e-08,0.7685349,1.200013,0.001149171,0.6001039
4.042e-08,0.767606,1.199985,0.001158158,0.6001208
4.043e-08,0.7659612,1.200029,0.001167654,0.6001052
4.044e-08,0.76461,1.199988,0.001176903,0.60012
4.045e-08,0.7633905,1.19999,0.001186038,0.6001198
4.046e-08,0.761949,1.199981,0.001194762,0.6000824
4.047e-08,0.7605751,1.200017,0.001204601,0.600115
4.048e-08,0.7594106,1.200015,0.001214323,0.6000909
4.049e-08,0.7580036,1.199982,0.00122346,0.6001201
4.05e-08,0.7563705,1.200022,0.001232583,0.6001205
4.051e-08,0.7552531,1.20001,0.001242314,0.6000718
4.052e-08,0.7539121,1.199998,0.001251743,0.6000956
4.053e-08,0.7525153,1.200037,0.001261714,0.6001252
4.054e-08,0.751221,1.199999,0.001270722,0.6001001
4.055e-08,0.7498494,1.200005,0.001279721,0.6001305
4.056e-08,0.7486504,1.200001,0.00128889,0.6000998
4.057e-08,0.7472225,1.200012,0.001297816,0.6001213
4.058e-08,0.7460339,1.200014,0.001308354,0.600108
4.059e-08,0.7445301,1.199964,0.001316754,0.6001043
4.06e-08,0.7433972,1.200015,0.001325876,0.6001465
4.061e-08,0.7420833,1.200018,0.001334496,0.6001602
4.062e-08,0.7409881,1.199967,0.001343419,0.6001243
4.063e-08,0.7398891,1.199999,0.001352029,0.6000996
4.064e-08,0.738301,1.200009,0.00136111,0.6000932
4.065e-08,0.7370227,1.200019,0.001369194,0.6001062
4.066e-08,0.7362622,1.200011,0.001378017,0.6001135
4.067e-08,0.7350417,1.199984,0.001386219,0.600108
4.068e-08,0.7336677,1.199974,0.001394055,0.6001403
4.069e-08,0.7326667,1.199963,0.001401825,0.6001162
4.07e-08,0.7317064,1.199996,0.001409735,0.6001081
4.071e-08,0.7303402,1.199995,0.00141761,0.6001079
4.072e-08,0.7293625,1.200005,0.001423426,0.600052
4.073e-08,0.7284109,1.199967,0.001430389,0.6001017
4.074e-08,0.7275031,1.199996,0.001439119,0.6001013
4.075e-08,0.726607,1.200012,0.001444867,0.6001532
4.076e-08,0.7255807,1.200018,0.001452488,0.6001
4.077e-08,0.7248153,1.199998,0.00145764,0.6001036
4.078e-08,0.7238631,1.199967,0.001465047,0.6000923
4.079e-08,0.7228607,1.199974,0.001469459,0.6001155
4.08e-08,0.7223611,1.199977,0.001475987,0.6001037
4.081e-08,0.7216678,1.200008,0.001480915,0.6001257
4.082e-08,0.7207768,1.199977,0.001485913,0.600089
4.083e-08,0.7200146,1.200004,0.00149157,0.6001067
4.084e-08,0.719588,1.199978,0.001496101,0.6001046
4.085e-08,0.7188194,1.199998,0.001500364,0.6001395
4.086e-08,0.7182774,1.200044,0.001503687,0.6001142
4.087e-08,0.7177668,1.200002,0.00150821,0.6000794
4.088e-08,0.7175339,1.199996,0.001513001,0.6000929
4.089e-08,0.7166418,1.19997,0.001515451,0.6001176
4.09e-08,0.7167775,1.200009,0.001518711,0.6000982
4.091e-08,0.7162378,1.200007,0.001520638,0.6001073
4.092e-08,0.7159147,1.200017,0.001522937,0.6001021
4.093e-08,0.715564,1.199995,0.001525607,0.6001255
4.094e-08,0.7152173,1.200007,0.001528151,0.6001067
4.095e-08,0.7150506,1.200031,0.001529033,0.6000999
4.096e-08,0.7151861,1.199968,0.001531429,0.6000947
4.097e-08,0.7148235,1.200004,0.001531572,0.6000913
4.098e-08,0.7147973,1.199996,0.001532336,0.6001033
4.099e-08,0.7146958,1.199986,0.001533535,0.6000752
4.1e-08,0.7147441,1.200046,0.001532326,0.6001184
4.101e-08,0.7147591,1.199984,0.001532744,0.6001189
4.102e-08,0.7149503,1.200023,0.001533334,0.600136
4.103e-08,0.7147818,1.200047,0.001532828,0.6001084
4.104e-08,0.7149385,1.200012,0.001532418,0.6001034
4.105e-08,0.7148305,1.199991,0.001533192,0.6001535
4.106e-08,0.714988,1.199993,0.001533393,0.6001115
4.107e-08,0.7149303,1.200021,0.001533041,0.6001084
4.108e-08,0.7149156,1.200001,0.001532581,0.6001069
4.109e-08,0.7150825,1.200019,0.001532818,0.6001208
4.11e-08,0.7152598,1.199994,0.001532307,0.6001148
4.111e-08,0.7151077,1.200007,0.001532312,0.6001242
4.112e-08,0.7151772,1.199984,0.001533352,0.6000817
4.113e-08,0.7155143,1.200053,0.001532702,0.6001118
4.114e-08,0.7156704,1.199979,0.001533099,0.6000744
4.115e-08,0.715457,1.199982,0.001532749,0.6001138
4.116e-08,0.7154654,1.200012,0.001532533,0.600089
4.117e-08,0.7159195,1.199989,0.001532165,0.6000945
4.118e-08,0.7154819,1.199989,0.00153378,0.6001095
4.119e-08,0.7158304,1.200016,0.001533284,0.6000996
4.12e-08,0.7155322,1.200016,0.001532324,0.600097
4.121e-08,0.7158364,1.199979,0.001532624,0.6001145
4.122e-08,0.7158308,1.200023,0.001532638,0.6001002
4.123e-08,0.7155963,1.19998,0.001533204,0.6001165
4.124e-08,0.7156135,1.199964,0.001533187,0.600078
4.125e-08,0.7158526,1.200014,0.001533315,0.60013
4.126e-08,0.715783,1.199975,0.001533268,0.6001158
4.127e-08,0.7156732,1.200011,0.001533325,0.6001154
4.128e-08,0.7159886,1.199997,0.001533152,0.6001202
4.129e-08,0.7158332,1.199981,0.001533217,0.6001215
4.13e-08,0.7161093,1.200026,0.001532258,0.6001095
4.131e-08,0.7160221,1.20005,0.001532721,0.6001101
4.132e-08,0.7160957,1.199981,0.001533179,0.600133
4.133e-08,0.7160235,1.199955,0.001532247,0.6001119
4.134e-08,0.7161435,1.200005,0.001533567,0.600124
4.135e-08,0.7160392,1.200012,0.001533101,0.6000979
4.136e-08,0.7160789,1.199988,0.001533385,0.6000799
4.137e-08,0.716169,1.200006,0.001533029,0.6001032
4.138e-08,0.7164355,1.200004,0.00153281,0.6001205
4.139e-08,0.7164798,1.200029,0.001533506,0.6001342
4.14e-08,0.7165009,1.200003,0.00153317,0.6001113
4.141e-08,0.7165591,1.200004,0.001533895,0.6000957
4.142e-08,0.7166383,1.200005,0.001532496,0.6001102
4.143e-08,0.7167354,1.200012,0.00153347,0.6001255
4.144e-08,0.7167676,1.199986,0.001532373,0.6000752
4.145e-08,0.7168554,1.199999,0.001534704,0.6000906
4.146e-08,0.7168434,1.199973,0.001532508,0.6000908
4.147e-08,0.7171368,1.19999,0.001533203,0.6001434
4.148e-08,0.7167889,1.200008,0.001533333,0.6001304
4.149e-08,0.7169291,1.199987,0.001532953,0.6000917
4.15e-08,0.7170035,1.199994,0.001532857,0.6000724
4.151e-08,0.717014,1.200008,0.001532658,0.6001467
4.152e-08,0.7169998,1.199998,0.001532585,0.6001079
4.153e-08,0.717269,1.199973,0.00153202,0.6001136
4.154e-08,0.7170945,1.200014,0.001533627,0.6000966
4.155e-08,0.7172865,1.200007,0.001532988,0.6000938
4.156e-08,0.7172298,1.199997,0.001533095,0.6000972
4.157e-08,0.7174735,1.200032,0.001532653,0.6000911
4.158e-08,0.717314,1.200015,0.001533228,0.6001237
4.159e-08,0.7173946,1.200026,0.001533835,0.6000903
4.16e-08,0.7172321,1.199994,0.001533122,0.6000891
4.161e-08,0.7174313,1.200009,0.001532397,0.6001382
4.162e-08,0.7174454,1.200001,0.001533603,0.6001348
4.163e-08,0.7174024,1.200037,0.001532733,0.6001404
4.164e-08,0.7174313,1.19999,0.001533025,0.6001121
4.165e-08,0.7176133,1.200004,0.001532536,0.6000927
4.166e-08,0.7177528,1.19998,0.001533386,0.6000999
4.167e-08,0.7178343,1.199975,0.001533649,0.6001441
4.168e-08,0.7176143,1.199976,0.001533429,0.6001072
4.169e-08,0.7178424,1.199995,0.001533214,0.6001037
4.17e-08,0.7178185,1.199998,0.001532939,0.6001138
4.171e-08,0.7181903,1.199981,0.001533152,0.6001336
4.172e-08,0.7181762,1.199999,0.001534098,0.6001386
4.173e-08,0.718084,1.200013,0.001532507,0.6000924
4.174e-08,0.7184494,1.200041,0.001532611,0.6000931
4.175e-08,0.7184955,1.199971,0.001532594,0.6000754
4.176e-08,0.7181204,1.200009,0.001533903,0.6001124
4.177e-08,0.7182079,1.199994,0.001532999,0.6001411
4.178e-08,0.7182825,1.200016,0.001533115,0.6001031
4.179e-08,0.7187359,1.199976,0.001534114,0.600116
4.18e-08,0.7187309,1.200008,0.001532894,0.6001049
4.181e-08,0.7186922,1.199995,0.001533351,0.6001121
4.182e-08,0.7186634,1.199989,0.001533879,0.6001145
4.183e-08,0.7190159,1.199998,0.001532838,0.6001067
4.184e-08,0.7186057,1.200002,0.001533076,0.6001331
4.185e-08,0.7190302,1.199961,0.001533689,0.6000938
4.186e-08,0.7189324,1.200009,0.001533513,0.6000879
4.187e-08,0.7186329,1.2,0.001532221,0.6001151
4.188e-08,0.7191089,1.199989,0.001533028,0.6001491
4.189e-08,0.7189262,1.200009,0.001532943,0.6001303
4.19e-08,0.7193153,1.199997,0.001532439,0.6001187
4.191e-08,0.7189056,1.199983,0.001533287,0.6000968
4.192e-08,0.7187677,1.200038,0.001532957,0.6001614
4.193e-08,0.7191975,1.200018,0.001532664,0.6001461
4.194e-08,0.7194675,1.200052,0.001532637,0.6000806
4.195e-08,0.7193331,1.199985,0.001532113,0.6000733
4.196e-08,0.7196863,1.199976,0.00153359,0.6001282
4.197e-08,0.7195818,1.199997,0.00153319,0.6001422
4.198e-08,0.7193788,1.200012,0.001532775,0.6001175
4.199e-08,0.7193461,1.199989,0.001533677,0.6001002
4.2e-08,0.719409,1.200014,0.001532911,0.6001221
4.205e-08,0.7198486,1.200006,0.001533489,0.6001319
4.21e-08,0.7201483,1.199997,0.001532255,0.600122
4.215e-08,0.7202988,1.200022,0.00153293,0.6000982
4.2175e-08,0.7206189,1.200019,0.001531968,0.6001112
4.219e-08,0.7207297,1.199998,0.001533149,0.6000955
4.22e-08,0.720868,1.199995,0.001533208,0.6000916
4.2205e-08,0.7210449,1.199836,0.001533145,0.6001225
4.222e-08,0.7207134,1.168323,0.001531995,0.6001116
4.2235e-08,0.7211979,1.085216,0.001526127,0.6000752
4.225e-08,0.720788,0.9581136,0.001520797,0.6000922
4.2265e-08,0.7211908,0.7984895,0.001512854,0.6000906
4.228e-08,0.7213735,0.6208986,0.001503425,0.6001728
4.2295e-08,0.7214785,0.4413846,0.001496308,0.6001105
4.23e-08,0.7214588,0.3839274,0.001491967,0.6001276
4.231e-08,0.721408,0.2762611,0.001485543,0.6000992
4.2325e-08,0.7215167,0.1404842,0.00148033,0.600097
4.234e-08,0.7217556,0.04643685,0.001475067,0.6001262
4.235e-08,0.7215382,0.01133517,0.001473522,0.6000824
4.2355e-08,0.722009,0.002633617,0.001473802,0.6000809
4.237e-08,0.7221251,-1.014455e-05,0.001472344,0.6001312
4.2385e-08,0.7219083,-2.343704e-05,0.001473866,0.6001258
4.24e-08,0.7218914,-4.6438e-06,0.001473516,0.6001061
4.245e-08,0.7225613,1.556162e-05,0.001472536,0.6001329
4.25e-08,0.7225127,4.205756e-06,0.001472281,0.600112
4.255e-08,0.7228447,-8.566931e-06,0.001473201,0.600122
4.26e-08,0.7232434,-2.769572e-05,0.001472812,0.600097
4.265e-08,0.7237777,-1.344973e-05,0.001473387,0.6001186
4.27e-08,0.7241151,-1.234257e-05,0.001472767,0.6000781
4.275e-08,0.7242454,2.975745e-05,0.001473271,0.6001207
4.28e-08,0.7245177,3.690219e-05,0.001473394,0.6001144
4.285e-08,0.7249978,2.474062e-05,0.001473246,0.6001203
4.29e-08,0.7255807,3.320065e-05,0.001472539,0.600119
4.295e-08,0.7257886,2.461174e-06,0.001472444,0.6001352
4.3e-08,0.7260651,1.426933e-05,0.001473652,0.6001239
4.305e-08,0.7265062,-1.961978e-05,0.001472733,0.600075
4.31e-08,0.7269477,1.046897e-06,0.001473041,0.6000933
4.315e-08,0.7273843,1.496779e-05,0.001472327,0.6001409
4.32e-08,0.7278011,5.481559e-06,0.001472939,0.6001112
4.325e-08,0.7278562,-1.154085e-05,0.001472341,0.600116
4.33e-08,0.7286366,-4.508508e-06,0.001472434,0.6000883
4.335e-08,0.7288432,-3.232858e-05,0.001473075,0.600117
4.34e-08,0.7293331,-3.168222e-05,0.001473599,0.6001548
4.345e-08,0.7297499,-2.55129e-06,0.001472713,0.6000846
4.35e-08,0.7302438,3.545542e-05,0.001472781,0.6001
4.355e-08,0.7305244,-5.565699e-06,0.001472551,0.6000684
4.36e-08,0.7305947,2.252981e-06,0.001473636,0.6001027
4.365e-08,0.7313535,1.533318e-05,0.001473418,0.6001046
4.37e-08,0.7316268,4.728031e-05,0.001472938,0.6000935
4.375e-08,0.7321619,1.678419e-05,0.001474077,0.6001358
4.38e-08,0.732513,4.264115e-06,0.001472451,0.6001029
4.385e-08,0.7330801,4.398953e-06,0.00147401,0.6001138
4.39e-08,0.7334032,1.357911e-05,0.001472626,0.6001107
4.395e-08,0.7337027,1.897458e-05,0.001473766,0.6001319
4.4e-08,0.7341535,-4.269931e-05,0.001473886,0.6001195
4.405e-08,0.7347131,1.612727e-05,0.001473017,0.6001375
4.41e-08,0.7352368,9.0619e-06,0.001471989,0.6001262
4.415e-08,0.7354284,3.404885e-06,0.001472865,0.6001226
4.42e-08,0.7359895,2.164495e-05,0.001473453,0.6001202
4.425e-08,0.7365185,-3.086943e-06,0.001473296,0.6001153
4.43e-08,0.7370449,2.409941e-05,0.001473131,0.6001161
4.435e-08,0.7373926,9.385481e-06,0.001472497,0.6001311
4.44e-08,0.7378061,-3.126604e-05,0.0014735,0.6001316
4.445e-08,0.7383182,-1.131935e-06,0.001473599,0.6001007
4.45e-08,0.7389532,-1.247102e-05,0.001473871,0.6000917
4.455e-08,0.7391174,-2.899269e-06,0.001472735,0.6000878
4.46e-08,0.7397158,2.570848e-05,0.001474026,0.6001257
4.465e-08,0.7401602,-1.337424e-05,0.001473161,0.6001557
4.47e-08,0.7410843,-1.122961e-05,0.001473081,0.6001814
4.475e-08,0.7411293,3.362141e-07,0.001472968,0.600104
4.48e-08,0.7418962,3.449431e-05,0.001472651,0.6001311
4.485e-08,0.7421266,2.8626e-06,0.001473377,0.6001142
4.49e-08,0.7427622,-1.694311e-05,0.001473025,0.6001289
4.495e-08,0.7433019,-7.976213e-06,0.001472327,0.6001557
4.5e-08,0.7434724,-1.063761e-05,0.001473618,0.6001332
4.505e-08,0.7443719,-1.309466e-06,0.001473034,0.6001236
4.51e-08,0.7448085,-6.523007e-06,0.0014733,0.6001143
4.515e-08,0.7455378,-2.480634e-05,0.001472679,0.6001118
4.52e-08,0.7455996,1.394165e-05,0.001472934,0.600123
4.525e-08,0.7463462,1.851591e-05,0.001473275,0.6001684
4.53e-08,0.7466899,-5.445193e-06,0.001472452,0.600108
4.535e-08,0.7469751,3.26244e-05,0.001473324,0.6000925
4.54e-08,0.7481641,-1.572985e-05,0.001472403,0.6001397
4.545e-08,0.748277,9.538842e-06,0.00147193,0.6001034
4.55e-08,0.7488011,-6.429724e-06,0.001473469,0.6001248
4.555e-08,0.7492539,9.234201e-06,0.001472828,0.6001391
4.56e-08,0.7498862,1.443006e-05,0.001473192,0.6001212
4.565e-08,0.750437,1.524372e-05,0.001473226,0.6000945
4.5695e-08,0.7509336,-1.728804e-05,0.001473415,0.6001469
4.57e-08,0.7508155,1.249145e-06,0.001473316,0.6001239
4.571e-08,0.7509321,2.037601e-05,0.001472972,0.6001281
4.5725e-08,0.7512663,0.001779614,0.001473737,0.6001355
4.574e-08,0.7514546,0.04572667,0.001473935,0.6001548
4.575e-08,0.751652,0.1060696,0.001479236,0.6001512
4.5755e-08,0.7514404,0.1446464,0.001480735,0.6000922
4.577e-08,0.7517222,0.2886337,0.001487255,0.6001087
4.5785e-08,0.7518364,0.4635977,0.001495947,0.6001126
4.58e-08,0.7523031,0.6519434,0.00150523,0.6001225
4.5815e-08,0.7518565,0.8351956,0.001514429,0.6000907
4.583e-08,0.7522444,0.9951271,0.001523096,0.6001451
4.5845e-08,0.7524233,1.11592,0.00152871,0.6001221
4.585e-08,0.7524603,1.145298,0.001529939,0.6001339
4.586e-08,0.7522806,1.185597,0.001532572,0.6001174
4.5875e-08,0.7526401,1.199995,0.001534219,0.6001214
4.589e-08,0.7529919,1.199968,0.001533748,0.6001014
4.59e-08,0.7529113,1.199973,0.001532989,0.6001298
4.5905e-08,0.7532298,1.200035,0.001532237,0.6001306
4.595e-08,0.7535373,1.200035,0.001534074,0.6001211
4.6e-08,0.7541836,1.199996,0.001533291,0.6001247
4.605e-08,0.7546883,1.199998,0.001533054,0.6001096
4.61e-08,0.7553381,1.200046,0.001533619,0.6001387
4.615e-08,0.7557631,1.199979,0.001532775,0.6001356
4.62e-08,0.756146,1.199969,0.001533213,0.6001395
4.625e-08,0.7568703,1.200004,0.001533198,0.6001423
4.63e-08,0.757459,1.199971,0.001533687,0.6001501
4.635e-08,0.7579013,1.199978,0.001533677,0.6000964
4.64e-08,0.7586874,1.199965,0.001532984,0.6001333
4.645e-08,0.7589886,1.200003,0.00153279,0.600097
4.65e-08,0.75957,1.199986,0.001533225,0.6001226
4.655e-08,0.7600175,1.199999,0.001533586,0.6001514
4.66e-08,0.7605719,1.199996,0.001532781,0.6001274
4.665e-08,0.76139,1.199968,0.001532349,0.6001182
4.67e-08,0.7618927,1.199993,0.001532944,0.6001324
4.675e-08,0.7622881,1.199994,0.001532117,0.6001029
4.68e-08,0.7627071,1.199996,0.001532294,0.6001069
4.685e-08,0.7635243,1.19999,0.001533477,0.6001299
4.69e-08,0.7641928,1.199984,0.001532782,0.6001276
4.695e-08,0.7647183,1.199987,0.001533097,0.6001109
4.7e-08,0.7653289,1.200043,0.001533137,0.6001041
4.705e-08,0.7659047,1.19998,0.001533725,0.6000891
4.71e-08,0.766339,1.200012,0.001532129,0.6000865
4.715e-08,0.7669332,1.19996,0.001533073,0.6001042
4.72e-08,0.7677814,1.199995,0.001532554,0.6001095
4.725e-08,0.7682167,1.199987,0.001532431,0.6001285
4.73e-08,0.7688592,1.19999,0.001532951,0.6001238
4.735e-08,0.7692128,1.200001,0.001532532,0.6000969
4.74e-08,0.7697319,1.200002,0.001532414,0.6001144
4.745e-08,0.770378,1.200043,0.001533592,0.6001326
4.75e-08,0.7710134,1.199985,0.001532647,0.6001457
4.755e-08,0.7714853,1.200015,0.001533312,0.6001491
4.76e-08,0.7721208,1.200013,0.00153316,0.6001577
4.765e-08,0.7727153,1.200014,0.001532544,0.6001005
4.77e-08,0.7733806,1.200005,0.001533066,0.6001519
4.775e-08,0.7737714,1.199981,0.001532344,0.6001342
4.78e-08,0.7744436,1.199991,0.001532208,0.6001506
4.785e-08,0.7749842,1.200007,0.001532948,0.600135
4.79e-08,0.7755169,1.200004,0.001532237,0.6001201
4.795e-08,0.7764007,1.200008,0.001533287,0.6001077
4.8e-08,0.7770888,1.200014,0.001533194,0.6001443
4.83e-08,0.7800098,1.200008,0.001533594,0.6001432
4.8575e-08,0.7836669,1.200009,0.001533182,0.600111
4.859e-08,0.7840024,1.200002,0.00153287,0.6001284
4.86e-08,0.7837102,1.199971,0.001532572,0.6001107
4.8605e-08,0.7839191,1.196335,0.001533524,0.6001254
4.862e-08,0.7840376,1.149584,0.001530348,0.6001257
4.8635e-08,0.784522,1.052932,0.001526493,0.6001064
4.865e-08,0.7843855,0.9151987,0.001517701,0.6001256
4.8665e-08,0.7846345,0.7488019,0.001510894,0.6001296
4.868e-08,0.7849457,0.5689892,0.001501474,0.600107
4.8695e-08,0.7846965,0.3919772,0.001493371,0.6001473
4.871e-08,0.7851157,0.2338018,0.001484039,0.6001167
4.8725e-08,0.7850826,0.1088572,0.00147855,0.6001212
4.874e-08,0.7854701,0.0285253,0.001474505,0.6001229
4.8755e-08,0.785864,4.491086e-05,0.001472812,0.6001291
4.877e-08,0.785851,-8.316799e-06,0.001473378,0.6001229
4.8785e-08,0.7860767,-2.937881e-05,0.001471999,0.6001161
4.89e-08,0.787488,-3.721479e-06,0.001473408,0.600121
4.92e-08,0.7906919,1.408107e-05,0.001473159,0.6001462
4.95e-08,0.7942825,-2.66878e-05,0.001472696,0.6001182
4.98e-08,0.7977759,-2.684953e-05,0.00147245,0.6001014
5e-08,0.8000236,2.201394e-05,0.001472201,0.6001292
5.01e-08,0.8011207,-2.352912e-05,0.001473002,0.6001087
5.04e-08,0.8044448,3.510642e-05,0.001472668,0.600162
5.07e-08,0.8076021,-2.333594e-05,0.001472116,0.6001405
5.1e-08,0.8109789,-3.530024e-06,0.001473067,0.6001198
5.13e-08,0.8141577,-2.219051e-05,0.001473047,0.6001629
5.16e-08,0.8174711,-3.211579e-05,0.001472622,0.6001151
5.19e-08,0.8202678,5.05335e-05,0.001473454,0.6001455
5.2e-08,0.821221,-1.806228e-05,0.001473447,0.6001548
5.2095e-08,0.8221123,-1.107728e-06,0.001472976,0.6001345
5.211e-08,0.82239,-6.125112e-06,0.001473779,0.6001336
5.2125e-08,0.8226971,-6.424266e-06,0.001473432,0.6002157
5.214e-08,0.8226673,0.02727664,0.001474765,0.6001371
5.2155e-08,0.8227853,0.1111975,0.001477579,0.6000899
5.217e-08,0.8232766,0.2436541,0.001484914,0.6001312
5.2185e-08,0.823082,0.4113932,0.001493274,0.6001403
5.22e-08,0.8234078,0.597799,0.001502918,0.6001686
5.2215e-08,0.8235821,0.7844582,0.001512874,0.6001145
5.223e-08,0.8235723,0.9527633,0.001521068,0.6001446
5.2245e-08,0.8240785,1.086231,0.001527231,0.6001495
5.226e-08,0.8238208,1.171382,0.001531726,0.6001387
5.2275e-08,0.8244435,1.200038,0.001533311,0.6001175
5.229e-08,0.824276,1.19998,0.001533277,0.6001203
5.2305e-08,0.8241059,1.199998,0.001533675,0.6001119
5.25e-08,0.826342,1.200019,0.00153268,0.6001175
5.28e-08,0.8288798,1.19996,0.001533697,0.6001741
5.31e-08,0.8316357,1.199967,0.001532733,0.6001461
5.34e-08,0.8340828,1.199985,0.001533101,0.6001345
5.37e-08,0.8368816,1.200019,0.001531617,0.600148
5.4e-08,0.8391475,1.199986,0.001532339,0.6001607
5.43e-08,0.8412358,1.199984,0.001532981,0.6001322
5.46e-08,0.8434725,1.199986,0.001533017,0.6001804
5.49e-08,0.8453442,1.199995,0.001533537,0.6001372
5.4975e-08,0.8459306,1.199965,0.001533238,0.6001376
5.499e-08,0.8457725,1.199984,0.001532848,0.6001715
5.5005e-08,0.8464854,1.19989,0.00153384,0.6001307
5.502e-08,0.8462494,1.168667,0.001531717,0.6001515
5.5035e-08,0.8463471,1.085951,0.001527465,0.6001212
5.505e-08,0.8461994,0.9590651,0.001522045,0.600121
5.5065e-08,0.8464773,0.7996212,0.001512301,0.6001784
5.508e-08,0.8468834,0.6220764,0.001504034,0.6001509
5.5095e-08,0.8465325,0.4425346,0.001495047,0.6001722
5.511e-08,0.8463515,0.277287,0.001486293,0.6001398
5.5125e-08,0.8470323,0.1413005,0.001479547,0.6001466
5.514e-08,0.8470346,0.04694224,0.001474501,0.6001427
5.5155e-08,0.8471573,0.00271875,0.001473183,0.6002052
5.517e-08,0.8470091,2.252928e-05,0.001472672,0.6001403
5.5185e-08,0.8470012,1.931017e-05,0.00147297,0.6001502
5.52e-08,0.8473231,-2.012689e-05,0.001473317,0.6001214
5.55e-08,0.8491542,-1.952877e-05,0.001472908,0.6001084
5.58e-08,0.8508078,-2.389174e-05,0.001473543,0.6001645
5.6e-08,0.8514552,2.419812e-05,0.001471716,0.6001812
5.61e-08,0.8523404,2.655017e-05,0.001473047,0.6001741
5.64e-08,0.8534512,-8.839755e-06,0.001473038,0.6001728
5.67e-08,0.8548488,-3.207243e-05,0.001473502,0.600148
5.7e-08,0.8556836,9.205714e-06,0.001473274,0.6001712
5.73e-08,0.8569807,1.008763e-05,0.001473346,0.6001286
5.76e-08,0.8575245,-1.527657e-06,0.001472927,0.6001714
5.79e-08,0.8580055,-2.68357e-06,0.001472436,0.600138
5.8e-08,0.8583667,2.113392e-05,0.001473565,0.6001615
5.82e-08,0.8588005,-2.157595e-05,0.001473229,0.6001942
5.8495e-08,0.8591613,-1.356258e-05,0.001472155,0.6001439
5.85e-08,0.859209,1.644988e-05,0.001473195,0.6001264
5.851e-08,0.8590096,-6.997445e-06,0.001473686,0.6001548
5.8525e-08,0.8593152,-2.001829e-06,0.001473212,0.6001292
5.854e-08,0.8590533,0.01761123,0.001474763,0.6001317
5.8555e-08,0.8593302,0.09141455,0.001477852,0.60015
5.857e-08,0.8590543,0.2155545,0.001483555,0.600152
5.8585e-08,0.8590924,0.377812,0.001491836,0.6001675
5.86e-08,0.8590652,0.5620621,0.001501373,0.6001341
5.8615e-08,0.8592488,0.7501414,0.001510441,0.6001385
5.863e-08,0.8591132,0.9232824,0.001519071,0.6001534
5.8645e-08,0.8589985,1.064394,0.001526191,0.6001811
5.866e-08,0.8593848,1.159498,0.001531152,0.6001925
5.8675e-08,0.8592941,1.199174,0.001532788,0.6001582
5.869e-08,0.8590279,1.200017,0.001533331,0.6001235
5.8705e-08,0.8591929,1.200012,0.001532178,0.6001643
5.88e-08,0.859402,1.199952,0.001532335,0.6001445
5.91e-08,0.8593175,1.200017,0.001533632,0.6001485
5.94e-08,0.859579,1.200017,0.001532741,0.6001567
5.97e-08,0.8593564,1.199969,0.001532396,0.6001704
6e-08,0.8586445,1.199991,0.001533432,0.6001587
6.03e-08,0.8587147,1.200001,0.001532307,0.6001659
6.06e-08,0.8582341,1.199945,0.001532756,0.6001228
6.09e-08,0.8574153,1.20001,0.001533231,0.6001809
6.12e-08,0.8564794,1.200029,0.001533562,0.6001782
6.1375e-08,0.8561678,1.200029,0.001533336,0.6001508
6.139e-08,0.855785,1.200032,0.001532872,0.6001456
6.1405e-08,0.8561348,1.199266,0.001533456,0.6001718
6.142e-08,0.8558929,1.163333,0.001530574,0.6001224
6.1435e-08,0.8557929,1.076234,0.00152679,0.600169
6.145e-08,0.8558842,0.9458934,0.00152098,0.6001292
6.1465e-08,0.855672,0.7842816,0.001512268,0.6001496
6.148e-08,0.8555786,0.6058797,0.001503944,0.6001478
6.1495e-08,0.8556977,0.426928,0.001493794,0.6001387
6.15e-08,0.8555277,0.3700207,0.001491338,0.6001593
6.151e-08,0.8554962,0.2637011,0.001486022,0.6002005
6.1525e-08,0.8553515,0.1310251,0.001479529,0.6001609
6.154e-08,0.8555596,0.04077761,0.001474739,0.6001902
6.1555e-08,0.8554924,0.001407467,0.001472101,0.6001462
6.157e-08,0.855414,-1.13281e-05,0.001473533,0.6001773
6.1585e-08,0.8553611,6.269812e-06,0.00147249,0.6001443
6.18e-08,0.8544498,-1.557951e-05,0.001473017,0.6001701
6.2e-08,0.8539752,1.820945e-05,0.001472646,0.6001574
6.21e-08,0.8537433,8.543939e-06,0.001473596,0.6001541
6.24e-08,0.8523551,4.269773e-05,0.001472855,0.6001668
6.27e-08,0.8510525,-2.165762e-05,0.001472356,0.6001618
6.3e-08,0.8493871,1.329449e-06,0.001473501,0.6001716
6.33e-08,0.8480427,6.246166e-06,0.001472265,0.6001625
6.36e-08,0.8465336,-5.413385e-06,0.001472309,0.6002019
6.39e-08,0.8446217,9.159861e-07,0.001472807,0.600148
6.4e-08,0.8442988,2.094031e-06,0.001473589,0.6002042
6.42e-08,0.8428311,-5.817745e-06,0.001472198,0.6001663
6.45e-08,0.840915,5.533494e-06,0.001472736,0.600184
6.48e-08,0.8390363,5.923988e-06,0.001473522,0.6001737
6.4895e-08,0.8382922,-1.977106e-08,0.001472864,0.6001513
6.491e-08,0.8383292,-1.787016e-06,0.001473445,0.6001604
6.4925e-08,0.8382276,9.042959e-05,0.00147282,0.6001751
6.494e-08,0.8380983,0.03282483,0.001474882,0.6001715
6.4955e-08,0.8380733,0.1217547,0.001478849,0.6001779
6.497e-08,0.8377339,0.2580722,0.001485173,0.6001829
6.4985e-08,0.8378989,0.4283081,0.001494574,0.6002251
6.5e-08,0.837628,0.6155397,0.00150334,0.6001543
6.5015e-08,0.8373459,0.8012629,0.001512749,0.6002058
6.503e-08,0.837609,0.9670328,0.001522812,0.6001899
6.5045e-08,0.8372606,1.096388,0.001528005,0.6001792
6.506e-08,0.8372909,1.176563,0.001530972,0.600165
6.5075e-08,0.8372446,1.200013,0.001532565,0.6001904
6.509e-08,0.8372365,1.200008,0.00153365,0.6001728
6.51e-08,0.8369963,1.200003,0.001533442,0.6002123
6.5105e-08,0.836907,1.199971,0.001534006,0.6001845
6.54e-08,0.8348809,1.200015,0.001532846,0.6001486
6.57e-08,0.8330159,1.200011,0.001533694,0.6001707
6.6e-08,0.8307755,1.199981,0.001533081,0.6001701
6.63e-08,0.8283904,1.199988,0.001532909,0.6001684
6.66e-08,0.8261271,1.199975,0.001533874,0.6001996
6.69e-08,0.8242262,1.199985,0.001533577,0.6001598
6.72e-08,0.8218344,1.200008,0.001532581,0.6001635
6.75e-08,0.8194556,1.199977,0.00153259,0.6001729
6.7775e-08,0.817242,1.200008,0.001533117,0.6001803
6.779e-08,0.8171069,1.200012,0.00153439,0.6001827
6.78e-08,0.8171487,1.19997,0.001533619,0.6001997
6.7805e-08,0.8170582,1.19975,0.001532641,0.600181
6.782e-08,0.8170795,1.16739,0.001531786,0.6002026
6.7835e-08,0.8168143,1.083597,0.001526773,0.6001892
6.785e-08,0.8165959,0.9558887,0.001520365,0.6001945
6.7865e-08,0.8164743,0.7959067,0.001512683,0.6001945
6.788e-08,0.816527,0.6180931,0.001504047,0.6001871
6.7895e-08,0.8164279,0.4387144,0.001494653,0.6001806
6.791e-08,0.8162087,0.2739267,0.001486922,0.6001257
6.7925e-08,0.8159331,0.1387287,0.001479917,0.6001508
6.794e-08,0.8158287,0.04540369,0.001475004,0.600172
6.7955e-08,0.8159007,0.002384204,0.001473215,0.6002011
6.797e-08,0.815683,1.288064e-05,0.001472417,0.6001728
6.7985e-08,0.8154827,-4.471477e-05,0.001472986,0.6002097
6.8e-08,0.8154844,6.325669e-06,0.001472343,0.600131
6.81e-08,0.8145768,1.781859e-05,0.001473424,0.600191
6.84e-08,0.8122125,-2.385068e-05,0.001472968,0.6001689
6.87e-08,0.8101964,6.418325e-06,0.001473689,0.6001857
6.9e-08,0.8077677,-1.185253e-05,0.00147244,0.6002005
6.93e-08,0.8051366,9.071244e-06,0.001473319,0.6002009
6.96e-08,0.8030126,2.037499e-05,0.001472768,0.6001763
6.99e-08,0.8007106,-3.790115e-05,0.001472856,0.6001898
7e-08,0.8002131,-4.239144e-06,0.001473039,0.6002015
7.02e-08,0.7985526,2.062836e-05,0.001472793,0.6001835
7.05e-08,0.7962518,4.267729e-05,0.001473196,0.6001658
7.08e-08,0.7940848,-8.045551e-05,0.001472987,0.6002184
7.11e-08,0.7920414,-1.632894e-05,0.00147313,0.6001673
7.1295e-08,0.7907533,2.172537e-05,0.001473326,0.6001535
7.131e-08,0.7903322,-5.498911e-06,0.001473718,0.6001749
7.1325e-08,0.790026,5.621793e-05,0.001472812,0.6001508
7.134e-08,0.7901952,0.03169853,0.001474765,0.6002248
7.1355e-08,0.7901171,0.1197378,0.001478391,0.6001846
7.137e-08,0.789597,0.2553844,0.001485905,0.6001914
7.1385e-08,0.7898528,0.4251567,0.001494379,0.6001868
7.14e-08,0.7896575,0.6122644,0.001503754,0.6001787
7.1415e-08,0.7895717,0.7981161,0.001513119,0.6001938
7.143e-08,0.7895985,0.9643581,0.00152148,0.6002113
7.1445e-08,0.7895091,1.094512,0.001527785,0.6001797
7.146e-08,0.7892838,1.175639,0.001532069,0.6002278
7.1475e-08,0.789157,1.200024,0.001533118,0.6001522
7.149e-08,0.789062,1.20002,0.001533668,0.6002316
7.1505e-08,0.7889484,1.199971,0.001532962,0.6001395
7.17e-08,0.7877471,1.20002,0.001532444,0.6002031
7.2e-08,0.7857886,1.200018,0.001532914,0.6001777
7.23e-08,0.7837015,1.199977,0.001533089,0.6001943
7.26e-08,0.7816833,1.200009,0.001532821,0.6002247
7.29e-08,0.7799214,1.199997,0.001532381,0.6002225
7.32e-08,0.7783647,1.200003,0.001533201,0.6002092
7.35e-08,0.7761966,1.200059,0.001532733,0.6001977
7.38e-08,0.7746624,1.199971,0.001533492,0.6001838
7.4e-08,0.7737601,1.20003,0.001533674,0.6001526
7.41e-08,0.7732925,1.199988,0.001532662,0.6001825
7.4175e-08,0.7727238,1.199988,0.001532723,0.6001903
7.419e-08,0.7727985,1.200015,0.001533678,0.6001987
7.4205e-08,0.7725722,1.199899,0.001533342,0.6001755
7.422e-08,0.7724218,1.169544,0.001532375,0.6002309
7.4235e-08,0.7728503,1.087498,0.00152843,0.6001761
7.425e-08,0.7725625,0.9611994,0.001521129,0.6002053
7.4265e-08,0.7723804,0.8021576,0.001513478,0.6001891
7.428e-08,0.7726094,0.6247636,0.001503677,0.6001938
7.4295e-08,0.7723505,0.4451675,0.001494576,0.6002333
7.431e-08,0.7722659,0.2795163,0.00148701,0.6002023
7.4325e-08,0.7719322,0.1430195,0.001480727,0.6002099
7.434e-08,0.7718946,0.04795654,0.001474229,0.6002305
7.4355e-08,0.7720445,0.003026129,0.001472767,0.6001877
7.437e-08,0.7717902,1.917175e-05,0.001473154,0.6001343
7.4385e-08,0.7717264,-3.653021e-06,0.001473384,0.6002556
7.44e-08,0.7717815,-1.645475e-05,0.001473907,0.6002149
7.47e-08,0.7705658,-9.689346e-06,0.001473328,0.6001817
7.5e-08,0.7687652,-2.376746e-05,0.001473347,0.6002297
7.53e-08,0.7679669,9.229642e-06,0.001473353,0.600232
7.56e-08,0.7668203,-3.084647e-05,0.001473278,0.6001879
7.59e-08,0.7654408,5.408118e-06,0.001474078,0.6002072
7.6e-08,0.7653725,-4.597478e-06,0.001473535,0.6002001
7.62e-08,0.7645822,2.418819e-06,0.001472935,0.6001973
7.65e-08,0.7639609,-3.392474e-05,0.001473612,0.6001702
7.68e-08,0.763147,-2.257387e-06,0.001473333,0.6001932
7.71e-08,0.762394,7.285404e-06,0.00147345,0.6001922
7.74e-08,0.7617302,-2.059721e-05,0.001473357,0.6002037
7.7695e-08,0.7614358,1.607379e-05,0.001472416,0.6002169
7.77e-08,0.76139,2.478089e-07,0.001473483,0.6001777
7.771e-08,0.7611518,-7.252173e-06,0.001473758,0.6002193
7.7725e-08,0.7613832,0.0003797053,0.001473105,0.6002118
7.774e-08,0.7611864,0.03685394,0.001475324,0.6001798
7.7755e-08,0.7612949,0.1291414,0.00147963,0.6002356
7.777e-08,0.7611748,0.2680299,0.001486646,0.6002195
7.7785e-08,0.7609094,0.4398864,0.001494977,0.6002462
7.78e-08,0.7613628,0.6275943,0.001504259,0.600215
7.7815e-08,0.7609446,0.8125352,0.001513898,0.6001923
7.783e-08,0.7610535,0.9764971,0.001521811,0.6002025
7.7845e-08,0.7611181,1.103049,0.001529255,0.600212
7.786e-08,0.760986,1.179795,0.001531414,0.6002037
7.7875e-08,0.7611032,1.199983,0.001532925,0.6002361
7.789e-08,0.7608126,1.199997,0.001532775,0.6001878
7.7905e-08,0.7609238,1.200008,0.001532308,0.6002177
7.8e-08,0.7608232,1.200014,0.001532266,0.6001801
7.83e-08,0.7605979,1.200002,0.001533524,0.6001914
7.86e-08,0.7602761,1.200006,0.001532722,0.6001909
7.89e-08,0.7602719,1.200001,0.001533423,0.6002037
7.92e-08,0.760135,1.199967,0.001533126,0.6002187
7.95e-08,0.7602796,1.199977,0.001533944,0.6001947
7.98e-08,0.7603596,1.200014,0.001532276,0.6001818
8e-08,0.7603523,1.199994,0.001532644,0.6002389
8.01e-08,0.7605525,1.199953,0.001533584,0.6002313
8.04e-08,0.7607357,1.199992,0.001533511,0.600231
8.0575e-08,0.7609769,1.200019,0.001533299,0.6002119
8.059e-08,0.7611589,1.199999,0.001534115,0.6002175
8.0605e-08,0.7611285,1.199263,0.001533124,0.6002075
8.062e-08,0.7609876,1.163205,0.001531311,0.6002181
8.0635e-08,0.7613055,1.076072,0.001527396,0.6002491
8.065e-08,0.7612129,0.9457349,0.001519882,0.6002035
8.0665e-08,0.7611415,0.784007,0.001512143,0.6001939
8.068e-08,0.7611643,0.6056093,0.001503057,0.6002154
8.0695e-08,0.761292,0.4266583,0.001494016,0.6002138
8.07e-08,0.7612572,0.3697294,0.001492251,0.6002166
8.071e-08,0.7613914,0.2634585,0.001486659,0.6001886
8.0725e-08,0.7614027,0.1308365,0.001479437,0.6002242
8.074e-08,0.7613998,0.04072137,0.001474033,0.6002271
8.0755e-08,0.7612957,0.001407453,0.001473601,0.6001948
8.077e-08,0.7611512,-1.912282e-05,0.001472752,0.6002265
8.0785e-08,0.7612454,-2.353712e-05,0.001472724,0.6001978
8.1e-08,0.7616675,-2.974565e-05,0.001471996,0.6001665
8.13e-08,0.7621663,1.947099e-05,0.001472902,0.6002212
8.16e-08,0.7629724,2.118972e-05,0.001473226,0.6002063
8.19e-08,0.7640027,2.831803e-05,0.001472405,0.6002357
8.2e-08,0.7636047,-7.939304e-06,0.001472916,0.6002457
8.22e-08,0.7643975,-4.733519e-06,0.001473106,0.6002115
8.25e-08,0.7648919,-5.101989e-07,0.00147333,0.6002222
8.28e-08,0.7662773,8.12424e-06,0.001473157,0.6001953
8.31e-08,0.7673641,-1.479605e-05,0.001472791,0.6001999
8.34e-08,0.7681862,4.044107e-05,0.001472194,0.600218
8.37e-08,0.7696106,2.882092e-05,0.001473445,0.6002219
8.4e-08,0.7703418,1.224402e-05,0.001472781,0.6002131
8.4095e-08,0.7707504,-1.017035e-06,0.001472524,0.6002237
8.411e-08,0.7706345,1.593542e-06,0.001473024,0.6002533
8.4125e-08,0.7712245,2.033009e-06,0.001473411,0.6002364
8.414e-08,0.7710196,0.01970694,0.001473786,0.6002413
8.4155e-08,0.7711684,0.09588279,0.001477564,0.6002081
8.417e-08,0.7708353,0.2219966,0.001483697,0.6002412
8.4185e-08,0.7711544,0.3856428,0.001491841,0.6002192
8.42e-08,0.7711981,0.5704322,0.001502421,0.6002053
8.4215e-08,0.7713536,0.758226,0.001510304,0.6002322
8.423e-08,0.7714291,0.9303049,0.001519107,0.6002006
8.4245e-08,0.7717645,1.069652,0.001526887,0.6001914
8.426e-08,0.7716944,1.162477,0.001530274,0.6002238
8.4275e-08,0.7717474,1.19953,0.001531834,0.6002279
8.429e-08,0.7715554,1.199989,0.001533184,0.6002419
8.43e-08,0.7715931,1.199996,0.00153279,0.6002104
8.4305e-08,0.7716559,1.199964,0.001533341,0.6002405
8.46e-08,0.7729982,1.200011,0.001532524,0.6002087
8.49e-08,0.7745381,1.199969,0.001532733,0.6002089
8.52e-08,0.7757422,1.19999,0.001533785,0.600228
8.55e-08,0.7771014,1.200004,0.001533049,0.6002199
8.58e-08,0.7784526,1.200016,0.001532726,0.6002626
8.6e-08,0.7796234,1.200001,0.001532818,0.6002309
8.61e-08,0.779757,1.199998,0.001532012,0.6002487
8.64e-08,0.781307,1.200012,0.001533414,0.6002189
8.67e-08,0.7829561,1.199996,0.001532519,0.6002694
8.6975e-08,0.7841774,1.200034,0.001532607,0.6001982
8.699e-08,0.7843524,1.199986,0.001531794,0.6002282
8.7e-08,0.7844265,1.199993,0.00153238,0.6002427
8.7005e-08,0.7845012,1.196449,0.001532755,0.6002363
8.702e-08,0.7845067,1.150064,0.001529511,0.6001929
8.7035e-08,0.7846843,1.053702,0.001526515,0.6002207
8.705e-08,0.7846916,0.9162512,0.001518495,0.6002442
8.7065e-08,0.7846637,0.750033,0.001510571,0.6002287
8.708e-08,0.7847123,0.570239,0.001502293,0.6002545
8.7095e-08,0.7848567,0.393136,0.001492001,0.6002274
8.711e-08,0.7849949,0.2348483,0.001485553,0.6002256
8.7125e-08,0.7850931,0.1095748,0.001478775,0.6002186
8.714e-08,0.7847635,0.02885918,0.001474362,0.6002173
8.7155e-08,0.7848398,2.259643e-05,0.001472162,0.6002324
8.717e-08,0.7853799,1.149947e-06,0.001473269,0.6002452
8.7185e-08,0.7854839,1.44129e-05,0.001472702,0.6002365
8.73e-08,0.7859286,2.259667e-05,0.001473234,0.6002381
8.76e-08,0.7875608,-5.692657e-06,0.001472349,0.6002569
8.79e-08,0.7890266,3.654898e-06,0.001473074,0.6002037
8.8e-08,0.7895681,-7.799572e-06,0.001472646,0.6002806
8.82e-08,0.790646,-1.054586e-05,0.001472419,0.6002458
8.85e-08,0.7922588,4.500108e-06,0.001473383,0.6002612
8.88e-08,0.7935354,9.905865e-06,0.001472691,0.6002311
8.91e-08,0.7951902,-2.950276e-05,0.001472466,0.6002137
8.94e-08,0.7970976,-2.332047e-05,0.00147305,0.6002182
8.97e-08,0.7985366,-2.342607e-05,0.00147307,0.6002208
9e-08,0.8002133,-1.065138e-05,0.001473039,0.6002329
9.03e-08,0.8016765,-1.584485e-05,0.001472645,0.6002375
9.0495e-08,0.8026702,1.727589e-05,0.001472751,0.6002616
9.051e-08,0.8024524,2.991036e-05,0.001472743,0.6002401
9.0525e-08,0.8030586,1.561212e-05,0.001473388,0.6002534
9.054e-08,0.8026156,0.03186137,0.00147454,0.6002139
9.0555e-08,0.8030218,0.1199886,0.001478867,0.6002408
9.057e-08,0.8029863,0.2556794,0.00148631,0.6002248
9.0585e-08,0.8028283,0.4255295,0.001493843,0.6002375
9.06e-08,0.8030034,0.6126566,0.001503614,0.6002463
9.0615e-08,0.8028931,0.7984912,0.001512439,0.600269
9.063e-08,0.8034445,0.9646889,0.001520737,0.6002454
9.0645e-08,0.8033765,1.094715,0.001527842,0.6002346
9.066e-08,0.8031899,1.17574,0.001532421,0.600191
9.0675e-08,0.8031696,1.200006,0.00153246,0.60025
9.069e-08,0.803616,1.199996,0.00153319,0.6002301
9.0705e-08,0.8034626,1.199984,0.001533004,0.6002144
9.09e-08,0.8046078,1.199981,0.001531906,0.6002691
9.12e-08,0.8060141,1.199996,0.001534021,0.6002562
9.15e-08,0.807546,1.199981,0.001533466,0.6002482
9.18e-08,0.8086601,1.200006,0.001532506,0.6002498
9.2e-08,0.8096214,1.199988,0.001532594,0.6002819
9.21e-08,0.8103754,1.200005,0.001532601,0.600249
9.24e-08,0.8112736,1.200016,0.001532475,0.6002781
9.27e-08,0.812689,1.199997,0.001532288,0.6002384
9.3e-08,0.8137332,1.200019,0.001532872,0.6001955
9.33e-08,0.8151323,1.199964,0.00153216,0.6002417
9.3375e-08,0.8150861,1.20001,0.001533316,0.600278
9.339e-08,0.815554,1.199986,0.001532994,0.6002485
9.3405e-08,0.8153509,1.190158,0.001532428,0.6002519
9.342e-08,0.815301,1.131094,0.00153029,0.6002577
9.3435e-08,0.8156569,1.023824,0.001524489,0.6002294
9.345e-08,0.8155211,0.878122,0.001516667,0.6002448
9.3465e-08,0.816052,0.7071891,0.001508118,0.6002542
9.348e-08,0.8155674,0.5265423,0.001499624,0.6002419
9.3495e-08,0.815537,0.3525279,0.001490713,0.6002538
9.351e-08,0.8159522,0.2009789,0.001482707,0.6002358
9.3525e-08,0.8158399,0.08566915,0.001477636,0.6002753
9.354e-08,0.8159615,0.01697651,0.00147449,0.6002878
9.3555e-08,0.8161245,4.536811e-05,0.001473172,0.6002515
9.357e-08,0.8160086,1.308478e-05,0.001472462,0.6002263
9.3585e-08,0.8162941,-1.310734e-05,0.001472524,0.6002443
9.36e-08,0.8161529,3.091469e-07,0.001472544,0.600215
9.39e-08,0.8174071,-6.782461e-06,0.001472948,0.6002523
9.4e-08,0.8173794,9.35881e-06,0.001472335,0.6002412
9.42e-08,0.8181217,-1.149172e-05,0.001472741,0.6002751
9.45e-08,0.8194055,-1.007076e-05,0.001472653,0.6002496
9.48e-08,0.8201787,3.757897e-05,0.001473316,0.6002741
9.51e-08,0.8210799,-2.994027e-05,0.001473223,0.6002927
9.54e-08,0.8217368,-7.306604e-06,0.00147245,0.6002556
9.57e-08,0.8226342,2.166132e-05,0.001472584,0.6002629
9.6e-08,0.8231535,-2.059927e-05,0.001472314,0.6002489
9.63e-08,0.8239009,-2.258334e-05,0.001472356,0.600246
9.66e-08,0.8246104,-4.345923e-05,0.001472479,0.6002534
9.6895e-08,0.8249584,-2.256157e-05,0.001472599,0.6002659
9.69e-08,0.8246462,7.027743e-06,0.001472804,0.6002388
9.691e-08,0.8248919,1.496411e-05,0.001472866,0.6002669
9.6925e-08,0.8252615,-6.325758e-06,0.001472146,0.6002598
9.694e-08,0.8251106,0.0167378,0.001473347,0.6002572
9.6955e-08,0.8251305,0.08938569,0.001477827,0.6002583
9.697e-08,0.8253794,0.2126198,0.001483484,0.600263
9.6985e-08,0.8252011,0.3742372,0.0014919,0.6002729
9.7e-08,0.8247376,0.5582725,0.001500645,0.6002602
9.7015e-08,0.8252222,0.7464112,0.001509824,0.6002886
9.703e-08,0.8250472,0.9200464,0.001519012,0.6002555
9.7045e-08,0.8251603,1.061939,0.001525402,0.6002648
9.706e-08,0.8249614,1.158075,0.001531748,0.6002713
9.7075e-08,0.8250999,1.198915,0.001533536,0.6002577
9.709e-08,0.8252558,1.20001,0.001533194,0.6002804
9.7105e-08,0.8251874,1.200026,0.001532352,0.60025
9.72e-08,0.8254103,1.199997,0.001533723,0.6002564
9.75e-08,0.8255446,1.200008,0.001533206,0.6002629
9.78e-08,0.8259966,1.199951,0.001532807,0.6002825
9.8e-08,0.8260824,1.199969,0.001533749,0.6002534
9.81e-08,0.8267104,1.200005,0.00153253,0.6002361
9.84e-08,0.8264479,1.200031,0.001533348,0.6002546
9.87e-08,0.8265623,1.200011,0.001532496,0.6002436
9.9e-08,0.8268153,1.19998,0.001533185,0.6002809
9.93e-08,0.8268004,1.200011,0.001532165,0.6002796
9.96e-08,0.8266496,1.200016,0.001533298,0.6002888
9.9775e-08,0.8263969,1.199978,0.001532332,0.6002851
9.979e-08,0.8265033,1.199989,0.001532208,0.600266
9.9805e-08,0.8266279,1.200014,0.00153199,0.6002598
9.982e-08,0.8267536,1.178501,0.001531721,0.6002724
9.9835e-08,0.8264264,1.104883,0.001529152,0.6003059
9.985e-08,0.8267192,0.9855013,0.001522732,0.6002616
9.9865e-08,0.8263189,0.8310591,0.001515433,0.6002901
9.988e-08,0.8261871,0.6557092,0.001504878,0.6002782
9.9895e-08,0.826435,0.4752662,0.001497059,0.6002666
9.99e-08,0.8265076,0.4168346,0.001493184,0.6002945
9.991e-08,0.8264139,0.3061532,0.001488512,0.6002708
9.9925e-08,0.8265459,0.1636967,0.001480258,0.6002428
9.994e-08,0.8265484,0.06088109,0.001476371,0.6002457
9.9955e-08,0.8265593,0.006886385,0.001473876,0.6002632
9.997e-08,0.8265338,-1.924464e-05,0.001472361,0.6002739
9.9985e-08,0.8265347,-3.212897e-05,0.001471998,0.600255
1e-07,0.8265317,-8.435827e-06,0.001472231,0.6002732
1.002e-07,0.8262535,1.197667e-05,0.001472724,0.600248
1.005e-07,0.82614,-9.960878e-07,0.0014733,0.6002537
1.008e-07,0.8261511,3.269012e-05,0.001473542,0.6002857
1.011e-07,0.8255967,5.852505e-06,0.001473435,0.600269
1.014e-07,0.8251942,-4.874958e-05,0.001472992,0.6002497
1.017e-07,0.8248032,-6.77539e-06,0.00147333,0.6002887
1.02e-07,0.8244079,5.601487e-06,0.001472277,0.6002699
1.023e-07,0.824081,1.91135e-05,0.001473161,0.6002967
1.026e-07,0.8227919,-3.532542e-06,0.001472824,0.6002451
1.029e-07,0.8225858,-4.41032e-06,0.001473848,0.6003132
1.032e-07,0.8218749,2.467855e-05,0.001473914,0.6002759
1.03295e-07,0.8216649,-1.543145e-05,0.001472964,0.6002976
1.0331e-07,0.821596,-4.561525e-06,0.001472667,0.6002865
1.03325e-07,0.821732,4.056372e-06,0.001473018,0.6002577
1.0334e-07,0.8214285,0.02770979,0.001473867,0.6002499
1.03355e-07,0.8215823,0.1121213,0.001477937,0.6002856
1.0337e-07,0.8213393,0.2448889,0.001485142,0.6002709
1.03385e-07,0.8214605,0.4128312,0.001493615,0.6002822
1.034e-07,0.8213941,0.599296,0.001502824,0.6002707
1.03415e-07,0.8214017,0.7858812,0.001513146,0.6002601
1.0343e-07,0.8211409,0.9540332,0.001521046,0.6002638
1.03445e-07,0.8212687,1.087108,0.001526181,0.6002799
1.0346e-07,0.8213656,1.171848,0.001531042,0.6002806
1.03475e-07,0.8211023,1.200005,0.001533265,0.6002935
1.0349e-07,0.8209513,1.200023,0.001532865,0.6002796
1.035e-07,0.820946,1.199955,0.001532666,0.6002774
1.03505e-07,0.8211238,1.200014,0.001533101,0.6002569
1.038e-07,0.8203424,1.200018,0.001532467,0.6002425
1.04e-07,0.8197185,1.200007,0.001533056,0.6003004
1.041e-07,0.8193741,1.200012,0.00153323,0.6003208
1.044e-07,0.8187274,1.199989,0.001532987,0.6002495
1.047e-07,0.8179092,1.200018,0.001532655,0.6002933
1.05e-07,0.8166976,1.200008,0.001532761,0.600277
1.053e-07,0.816231,1.199991,0.001533807,0.6002704
1.056e-07,0.8152415,1.200039,0.001533893,0.6002608
1.059e-07,0.813945,1.199993,0.001533367,0.6002806
1.06e-07,0.8137081,1.199997,0.001532849,0.6002677
1.06175e-07,0.8135795,1.199997,0.001532383,0.6002631
1.0619e-07,0.8131063,1.200019,0.001532687,0.6002859
1.062e-07,0.8133052,1.199953,0.00153282,0.6002631
1.06205e-07,0.813325,1.199252,0.00153341,0.6002629
1.0622e-07,0.8131121,1.163155,0.001531452,0.6002961
1.06235e-07,0.8131697,1.075955,0.00152662,0.6002645
1.0625e-07,0.813433,0.9454902,0.001520147,0.6002802
1.06265e-07,0.8131274,0.7837521,0.001511997,0.600308
1.0628e-07,0.8129913,0.6053647,0.001503067,0.6002836
1.06295e-07,0.8126983,0.4264641,0.001493862,0.6002884
1.0631e-07,0.8128417,0.2632876,0.001485861,0.6002728
1.06325e-07,0.8128754,0.1306607,0.001479804,0.6002719
1.0634e-07,0.8125526,0.04066134,0.001475186,0.6002957
1.06355e-07,0.8126213,0.001392854,0.001473837,0.6002604
1.0637e-07,0.8125385,-1.084046e-05,0.001473202,0.6002845
1.06385e-07,0.8123621,6.849601e-06,0.001473714,0.6002697
1.065e-07,0.8121957,1.880617e-05,0.001473093,0.6003316
1.068e-07,0.8110996,2.999251e-05,0.001472958,0.6002655
1.071e-07,0.810041,-1.181581e-05,0.001473762,0.6002936
1.074e-07,0.809078,3.443444e-07,0.001473195,0.6003124
1.077e-07,0.8079318,4.1917e-05,0.001473771,0.6002773
1.08e-07,0.8071315,3.39363e-06,0.001472894,0.6002788
1.083e-07,0.8059338,3.316743e-05,0.001472804,0.600286
1.086e-07,0.8048334,7.12379e-06,0.001473317,0.6003104
1.089e-07,0.8036648,-2.500137e-05,0.001473035,0.6002772
1.092e-07,0.8026754,3.035864e-05,0.001473889,0.6002974
1.095e-07,0.8019614,5.06175e-05,0.001473008,0.6003104
1.09695e-07,0.8008907,-2.411886e-05,0.001472615,0.6003175
1.0971e-07,0.8013912,-1.754466e-05,0.001473073,0.6002775
1.09725e-07,0.8008244,1.262459e-05,0.001473364,0.6002667
1.0974e-07,0.801004,0.03184137,0.001475702,0.600321
1.09755e-07,0.8008275,0.1199258,0.001478773,0.6003431
1.0977e-07,0.8008071,0.2556131,0.00148518,0.6002865
1.09785e-07,0.8006856,0.4254027,0.001494435,0.6002955
1.098e-07,0.8006961,0.6124931,0.001504367,0.6003012
1.09815e-07,0.8007452,0.798403,0.001513011,0.6002874
1.0983e-07,0.8005802,0.96458,0.001521885,0.6002818
1.09845e-07,0.8003983,1.094666,0.001528348,0.6002977
1.0986e-07,0.8005586,1.175741,0.001532067,0.6002905
1.09875e-07,0.8004721,1.199975,0.001532833,0.6002761
1.0989e-07,0.8004177,1.200002,0.001533317,0.6002826
1.09905e-07,0.8002214,1.200001,0.001533129,0.6003053
1.1e-07,0.800225,1.199967,0.001532683,0.6002948
1.101e-07,0.7995639,1.200024,0.001532399,0.6002595
1.104e-07,0.7985032,1.199988,0.001533581,0.600302
1.107e-07,0.7974688,1.199991,0.001533437,0.6002904
1.11e-07,0.7966902,1.200026,0.001533075,0.6002805
1.113e-07,0.795544,1.200015,0.001533224,0.6003087
1.116e-07,0.7947233,1.20002,0.001533504,0.6002982
1.119e-07,0.7938407,1.20002,0.001533085,0.60029
1.12e-07,0.793713,1.199991,0.001532814,0.6002738
1.122e-07,0.7930131,1.199993,0.001532336,0.6002937
1.125e-07,0.7918605,1.199992,0.001533279,0.6002866
1.12575e-07,0.7919169,1.199995,0.001532402,0.6003111
1.1259e-07,0.7917912,1.199985,0.00153266,0.6003143
1.12605e-07,0.7915482,1.199619,0.001533376,0.6003263
1.1262e-07,0.7916884,1.165929,0.001530716,0.6003157
1.12635e-07,0.7918069,1.080851,0.001527262,0.6002876
1.1265e-07,0.7915551,0.9521769,0.001520684,0.6002712
1.12665e-07,0.7914966,0.7915891,0.001511755,0.6003079
1.1268e-07,0.7915447,0.6135548,0.001503465,0.6003053
1.12695e-07,0.791635,0.4342789,0.001493958,0.600313
1.1271e-07,0.7914496,0.2700727,0.001485823,0.6002673
1.12725e-07,0.7914758,0.1358,0.001480203,0.6002984
1.1274e-07,0.7915331,0.04368111,0.001475228,0.6002913
1.12755e-07,0.7916428,0.002019521,0.001472465,0.6003064
1.1277e-07,0.7910398,-2.779853e-06,0.001473107,0.6002819
1.12785e-07,0.7913268,-2.039761e-05,0.001472876,0.6003033
1.128e-07,0.7912531,-2.462166e-05,0.00147239,0.6003333
1.131e-07,0.7904321,-2.797982e-05,0.001472513,0.6003285
1.134e-07,0.7897995,-3.070693e-05,0.001473275,0.6002577
1.137e-07,0.7888934,-1.28051e-05,0.00147415,0.6002802
1.14e-07,0.7882015,6.416134e-05,0.001473034,0.6003171
1.143e-07,0.787289,1.136741e-05,0.001472913,0.6002713
1.146e-07,0.7869108,1.25653e-05,0.001472854,0.6003169
1.149e-07,0.7863763,1.141681e-05,0.00147273,0.6002678
1.152e-07,0.7856182,-1.620622e-06,0.001473002,0.6002935
1.155e-07,0.7852729,4.62278e-05,0.001472666,0.6003158
1.158e-07,0.7846073,-5.361828e-05,0.001473334,0.6003285
1.16e-07,0.7845037,5.215649e-06,0.001472995,0.600317
1.16095e-07,0.7843426,1.341935e-05,0.001473239,0.6003476
1.161e-07,0.7844792,2.097572e-05,0.001472507,0.6003083
1.1611e-07,0.7840615,-2.006823e-05,0.001473188,0.6003332
1.16125e-07,0.7842201,0.0003035271,0.001471827,0.6003198
1.1614e-07,0.7842086,0.03579893,0.001474396,0.6003153
1.16155e-07,0.7843572,0.1272258,0.001479514,0.6003154
1.1617e-07,0.7843378,0.265419,0.001486468,0.6003232
1.16185e-07,0.7840691,0.4368441,0.001494911,0.6003574
1.162e-07,0.7839198,0.6244984,0.001503736,0.6003118
1.16215e-07,0.7842095,0.8096213,0.00151283,0.6003421
1.1623e-07,0.7842395,0.9739819,0.001521134,0.6003066
1.16245e-07,0.7842084,1.101348,0.001528448,0.6003119
1.1626e-07,0.7839381,1.178984,0.001532621,0.6003355
1.16275e-07,0.7840322,1.200024,0.001533197,0.6003072
1.1629e-07,0.7839399,1.199996,0.001533555,0.6003354
1.16305e-07,0.7841798,1.199994,0.001533519,0.6003081
1.164e-07,0.7836311,1.199997,0.001532279,0.600304
1.167e-07,0.7834308,1.200044,0.001532133,0.6003122
1.17e-07,0.7831806,1.200034,0.00153298,0.6003088
1.173e-07,0.7829228,1.199979,0.00153341,0.6003155
1.176e-07,0.7827293,1.199995,0.001531684,0.600309
1.179e-07,0.7823109,1.200011,0.001533069,0.6003525
1.18e-07,0.7825114,1.199975,0.001533311,0.6003001
1.182e-07,0.7824882,1.199997,0.001532019,0.6003091
1.185e-07,0.7822274,1.199998,0.0015339,0.600347
1.188e-07,0.7818993,1.199997,0.00153342,0.6002908
1.18975e-07,0.7820643,1.19998,0.001532334,0.6003276
1.1899e-07,0.7821248,1.199975,0.001532393,0.6003083
1.19005e-07,0.7821184,1.196977,0.001531932,0.6002828
1.1902e-07,0.7821612,1.151923,0.001530891,0.6003119
1.19035e-07,0.7819018,1.056884,0.001525701,0.6003082
1.1905e-07,0.7817751,0.9202916,0.001519287,0.6003202
1.19065e-07,0.7822312,0.7546396,0.001509665,0.6003138
1.1908e-07,0.7819309,0.5750288,0.001501427,0.600295
1.19095e-07,0.7822796,0.3976166,0.001492004,0.6003167
1.191e-07,0.7821769,0.3418161,0.001489524,0.6003206
1.1911e-07,0.7819094,0.2386147,0.001485687,0.6003224
1.19125e-07,0.7821463,0.1123894,0.001479125,0.6003195
1.1914e-07,0.7819829,0.03038464,0.001474347,0.6003154
1.19155e-07,0.7818002,9.181514e-05,0.001472747,0.6003251
1.1917e-07,0.7818911,6.76714e-06,0.001473693,0.600327
1.19185e-07,0.7821095,-6.256516e-06,0.001473364,0.6003053
1.194e-07,0.7823812,-9.841202e-06,0.001473078,0.6002845
1.1941e-07,0.7818796,-8.05134e-06,0.00147229,0.6002912
1.1942e-07,0.7817791,-3.556884e-05,0.001472313,0.6003308
1.1943e-07,0.7821277,3.449828e-05,0.001473942,0.6003121
1.1944e-07,0.7821873,-1.574371e-05,0.001472405,0.6003545
1.1945e-07,0.7820792,-2.568207e-05,0.001473277,0.600341
1.1946e-07,0.7822847,6.895056e-06,0.001473428,0.600311
1.1947e-07,0.7821558,3.882442e-06,0.001473396,0.6003373
1.1948e-07,0.7821349,1.463832e-05,0.001473432,0.6003413
1.1949e-07,0.7821711,1.590905e-05,0.001472501,0.6003144
1.195e-07,0.7820725,3.159783e-06,0.001473114,0.6003356
1.1951e-07,0.7820577,5.924072e-06,0.001472691,0.600319
1.1952e-07,0.7822149,1.960356e-05,0.001472802,0.6002977
1.1953e-07,0.782042,1.9225e-05,0.001472531,0.6003084
1.1954e-07,0.7821606,-1.784645e-05,0.001473326,0.6003125
1.1955e-07,0.7821962,-1.164437e-05,0.001473049,0.6003129
1.1956e-07,0.7820274,-9.351033e-06,0.001473018,0.6003735
1.1957e-07,0.7818279,4.730056e-08,0.001473313,0.6002969
1.1958e-07,0.7823388,1.062647e-05,0.001472553,0.600305
1.1959e-07,0.78231,-1.814945e-05,0.001472779,0.6003088
1.196e-07,0.7823939,-2.389818e-05,0.001472812,0.6003302
1.1961e-07,0.7820766,-3.858951e-05,0.001472662,0.600307
1.1962e-07,0.7821973,1.491537e-05,0.001473278,0.6002625
1.1963e-07,0.7821567,-1.187433e-05,0.001473744,0.6003267
1.1964e-07,0.781915,-2.877216e-05,0.001472674,0.6003043
1.1965e-07,0.7822006,5.626475e-06,0.001473413,0.6003103
1.1966e-07,0.7820641,-2.983884e-05,0.0014722,0.6003114
1.1967e-07,0.7823697,-1.98907e-05,0.001473086,0.6003165
1.1968e-07,0.782085,1.270301e-05,0.00147377,0.6002908
1.1969e-07,0.7821251,2.559736e-05,0.001472762,0.600326
1.197e-07,0.7820741,1.949497e-05,0.001472582,0.6003357
1.1971e-07,0.7821003,6.037921e-05,0.00147333,0.6003117
1.1972e-07,0.7821029,3.362086e-05,0.001472878,0.6002898
1.1973e-07,0.7821052,1.282136e-05,0.001472827,0.6003274
1.1974e-07,0.7819915,-4.805652e-06,0.00147443,0.6003206
1.1975e-07,0.7821896,2.720446e-05,0.001473181,0.6003523
1.1976e-07,0.7820754,6.045775e-05,0.00147294,0.6002925
1.1977e-07,0.7825479,-2.082475e-05,0.001473355,0.6003005
1.1978e-07,0.7819977,1.620866e-05,0.001472407,0.6003066
1.1979e-07,0.7819883,-7.255485e-06,0.001472884,0.6003148
1.198e-07,0.7818648,-2.237521e-05,0.001471918,0.6003345
1.1981e-07,0.7815443,-2.006111e-05,0.001473696,0.6003383
1.1982e-07,0.7815344,-1.583963e-06,0.001473898,0.6003601
1.1983e-07,0.7817289,-1.331879e-05,0.001474223,0.6003211
1.1984e-07,0.7816843,3.935195e-05,0.00147266,0.600328
1.1985e-07,0.78122,-2.175361e-05,0.001472919,0.6003323
1.1986e-07,0.7811833,-1.706859e-05,0.001472804,0.6003278
1.1987e-07,0.7812201,3.508121e-06,0.001474074,0.6003072
1.1988e-07,0.7807067,-2.454363e-05,0.001473748,0.6003054
1.1989e-07,0.7808393,-1.137777e-05,0.001472583,0.6002879
1.199e-07,0.7806771,-3.952829e-06,0.001473541,0.6003015
1.1991e-07,0.7798992,-1.936031e-06,0.001471833,0.6003468
1.1992e-07,0.7803023,-2.374359e-07,0.001473307,0.600335
1.1993e-07,0.7796543,-3.353054e-05,0.00147242,0.6003303
1.1994e-07,0.7795523,-6.12268e-06,0.001473263,0.6003435
1.1995e-07,0.7793121,6.8942e-07,0.001473294,0.6003168
1.1996e-07,0.7793312,-2.853938e-05,0.00147314,0.6003094
1.1997e-07,0.7788777,-6.523185e-06,0.001473022,0.6003143
1.1998e-07,0.7791081,-4.906579e-06,0.001472471,0.6003142
1.1999e-07,0.7788566,-1.291335e-05,0.00147312,0.6003325
1.2e-07,0.7789332,-6.516719e-07,0.001473605,0.6002872
1.2001e-07,0.7789746,2.344964e-05,0.001473321,0.6003365
1.2002e-07,0.7791055,7.077828e-06,0.001473439,0.6003089
1.2003e-07,0.7794576,1.318502e-07,0.001472916,0.6002987
1.2004e-07,0.7794558,2.780366e-05,0.00147256,0.6003291
1.2005e-07,0.7796539,-5.349422e-08,0.00147221,0.6002883
1.2006e-07,0.7799192,-8.822022e-06,0.001472623,0.6003369
1.2007e-07,0.7797251,2.545108e-05,0.001473356,0.6003208
1.2008e-07,0.7803161,-1.887087e-06,0.001473299,0.6003083
1.2009e-07,0.7804524,5.08864e-06,0.001472725,0.6003178
1.201e-07,0.7803025,2.337449e-05,0.001472732,0.6003141
1.2011e-07,0.7810066,1.243474e-05,0.001472732,0.6003136
1.2012e-07,0.7808743,6.836945e-06,0.001472395,0.6003813
1.2013e-07,0.7814823,-6.373944e-06,0.001472761,0.6003032
1.2014e-07,0.7812893,-1.949623e-05,0.001472823,0.6003174
1.2015e-07,0.7814603,-2.653213e-06,0.001473015,0.6003091
1.2016e-07,0.7815541,2.686468e-05,0.001472725,0.6002999
1.2017e-07,0.7816759,3.536756e-05,0.00147339,0.6003117
1.2018e-07,0.7819794,-5.082913e-07,0.001473416,0.6003657
1.2019e-07,0.7822066,1.737832e-05,0.001472387,0.6002816
1.202e-07,0.7820751,-7.156352e-06,0.001472443,0.6003066
1.2021e-07,0.7820347,-5.319678e-06,0.001473845,0.6002964
1.2022e-07,0.7822217,-1.836399e-06,0.001473022,0.6003348
1.2023e-07,0.7821617,1.4054e-07,0.001472998,0.6002984
1.2024e-07,0.7822047,3.81916e-05,0.001472347,0.6003085
1.2025e-07,0.7822347,1.370268e-06,0.001472606,0.6003311
1.2026e-07,0.7821475,4.322275e-05,0.001473577,0.6002837
1.2027e-07,0.7823225,1.088753e-05,0.001473308,0.6003425
1.2028e-07,0.7822416,-2.959647e-06,0.001472541,0.6003248
1.2029e-07,0.7826828,-1.831164e-05,0.001472787,0.6003422
1.203e-07,0.7823639,4.149567e-05,0.001473147,0.600312
1.2031e-07,0.7823234,-1.360681e-05,0.001473437,0.6003473
1.2032e-07,0.7824317,-7.629925e-06,0.001473787,0.600361
1.2033e-07,0.7824289,-3.018783e-06,0.001472457,0.6003213
1.2034e-07,0.7825233,2.326705e-05,0.001472865,0.6003413
1.2035e-07,0.7821929,-2.65897e-05,0.001473801,0.6003322
1.2036e-07,0.782327,-8.464001e-06,0.001473334,0.6003246
1.2037e-07,0.7821918,4.418768e-06,0.001473243,0.6003291
1.2038e-07,0.7822837,-1.629607e-05,0.001473112,0.6003248
1.2039e-07,0.7823962,-1.902732e-05,0.001473007,0.6003676
1.204e-07,0.782188,6.926369e-06,0.001473328,0.6003282
1.2041e-07,0.7823297,1.564417e-05,0.001472368,0.6003862
1.2042e-07,0.7822453,1.147069e-05,0.001473288,0.6003421
1.2043e-07,0.7825824,-1.954617e-06,0.001473294,0.6003117
1.2044e-07,0.7825369,5.175102e-06,0.001473405,0.6003046
1.2045e-07,0.7824561,-7.831502e-06,0.001473307,0.6003597
1.2046e-07,0.782446,-7.574703e-06,0.001472881,0.6003326
1.2047e-07,0.7824501,2.747238e-05,0.001472071,0.6003301
1.2048e-07,0.7822964,4.653607e-05,0.001473238,0.6003221
1.2049e-07,0.7823923,-3.771439e-05,0.001473568,0.6003456
1.205e-07,0.7824488,3.926482e-06,0.001472172,0.6003186
1.2051e-07,0.7822541,-1.285026e-05,0.001472589,0.600333
1.2052e-07,0.7823363,2.729687e-05,0.001472782,0.6002787
1.2053e-07,0.7827463,1.815549e-05,0.001472766,0.6003486
1.2054e-07,0.7825603,-1.323544e-05,0.001472786,0.6003189
1.2055e-07,0.7825235,9.391732e-06,0.001473299,0.6003133
1.2056e-07,0.782717,-2.219776e-05,0.001473207,0.6003442
1.2057e-07,0.7824904,9.435457e-07,0.001473121,0.600335
1.2058e-07,0.7825469,-1.435138e-05,0.001472685,0.6003264
1.2059e-07,0.7828439,9.592385e-06,0.001473185,0.6003286
1.206e-07,0.7826637,9.797984e-06,0.001473241,0.6003343
1.209e-07,0.7826532,-1.551737e-06,0.001472304,0.6003416
1.212e-07,0.7831848,-2.346318e-05,0.001473406,0.6003224
1.215e-07,0.7830374,-6.098443e-06,0.00147351,0.6003242
1.218e-07,0.7833325,1.743565e-05,0.001472464,0.600326
1.22e-07,0.783741,1.73694e-05,0.001473446,0.6003207
1.221e-07,0.7839111,-1.973035e-05,0.001474163,0.6003564
1.224e-07,0.7841671,4.609164e-06,0.001472596,0.6003252
1.22495e-07,0.7839812,2.736763e-05,0.00147368,0.6003283
1.2251e-07,0.7841297,-1.934471e-05,0.001472645,0.6003325
1.22525e-07,0.7845581,-8.491003e-06,0.001473124,0.6003369
1.2254e-07,0.7845688,0.02688402,0.001474297,0.6003055
1.22555e-07,0.7846325,0.1104532,0.001478037,0.6003406
1.2257e-07,0.7844956,0.2426031,0.001484923,0.600328
1.22585e-07,0.7844159,0.4101466,0.001494016,0.6003255
1.226e-07,0.7844533,0.5964327,0.001502875,0.6003212
1.22615e-07,0.784541,0.7832181,0.001512253,0.600296
1.2263e-07,0.7847538,0.9517181,0.001521488,0.6003097
1.22645e-07,0.7847252,1.085421,0.001527622,0.6003404
1.2266e-07,0.784313,1.171007,0.001531656,0.6003017
1.22675e-07,0.7846072,1.199991,0.001534278,0.6003368
1.2269e-07,0.7848309,1.199984,0.001533508,0.6003121
1.227e-07,0.7848322,1.199975,0.001532518,0.6003237
1.22705e-07,0.7847483,1.200006,0.001533214,0.6002968
1.23e-07,0.7849561,1.199999,0.001532834,0.6003464
1.233e-07,0.7857087,1.199996,0.001532593,0.6003364
1.236e-07,0.7860404,1.199996,0.001532989,0.6003479
1.239e-07,0.7867485,1.200008,0.001533579,0.6003191
1.24e-07,0.7867219,1.199997,0.001533945,0.6003503
1.242e-07,0.7871882,1.200026,0.001532614,0.6003089
1.245e-07,0.7876349,1.199986,0.001532892,0.6003383
1.248e-07,0.7881411,1.200021,0.001531934,0.6003297
1.251e-07,0.7888231,1.199996,0.001532187,0.6003329
1.25375e-07,0.7891658,1.199967,0.001533482,0.6003255
1.2539e-07,0.7894223,1.199984,0.001533883,0.6003473
1.254e-07,0.789687,1.199978,0.001532698,0.600325
1.25405e-07,0.7896515,1.198547,0.001532738,0.6003297
1.2542e-07,0.7893153,1.159017,0.001531248,0.6003172
1.25435e-07,0.7894199,1.068735,0.001525864,0.6003288
1.2545e-07,0.7894731,0.9359532,0.001519391,0.6003291
1.25465e-07,0.7893839,0.7726527,0.001511722,0.6003517
1.2548e-07,0.7895852,0.5937116,0.00150239,0.6003455
1.25495e-07,0.7895286,0.4153452,0.00149414,0.6003254
1.2551e-07,0.7895989,0.2537223,0.001484959,0.6003508
1.25525e-07,0.7895152,0.1235216,0.001479767,0.6003234
1.2554e-07,0.7897137,0.03655227,0.001475308,0.6003263
1.25555e-07,0.7897909,0.000737578,0.001473334,0.6003224
1.2557e-07,0.7897301,-1.622598e-05,0.001472344,0.6003227
1.25585e-07,0.7900078,3.253036e-05,0.001472772,0.6003443
1.257e-07,0.7901255,-8.593698e-06,0.001473907,0.6003359
1.26e-07,0.791058,1.699258e-06,0.001473517,0.6003149
1.263e-07,0.7912657,-1.933442e-05,0.001473352,0.600335
1.266e-07,0.792013,1.583159e-06,0.001472729,0.6003345
1.269e-07,0.7927621,1.240447e-05,0.001473142,0.6003405
1.272e-07,0.7933524,-4.55381e-05,0.001473603,0.6003626
1.275e-07,0.7939564,-1.350442e-05,0.001473093,0.6003096
1.278e-07,0.7947856,-3.293306e-05,0.001472777,0.6003434
1.28e-07,0.7952761,2.758235e-05,0.001473528,0.6003717
1.281e-07,0.7955357,-6.060019e-06,0.001472585,0.6003476
1.284e-07,0.7964921,1.009647e-05,0.0014732,0.6003561
1.287e-07,0.7968623,4.224129e-06,0.001473324,0.6003723
1.28895e-07,0.7976377,-2.244054e-05,0.001473807,0.6003187
1.2891e-07,0.7976121,2.394035e-05,0.001472904,0.6003609
1.28925e-07,0.7973359,2.101568e-05,0.001473075,0.6003375
1.2894e-07,0.7978774,0.02839191,0.001473626,0.6003822
1.28955e-07,0.7976518,0.1134736,0.001478582,0.6003491
1.2897e-07,0.7975857,0.2467339,0.001486044,0.6003281
1.28985e-07,0.7979658,0.414994,0.00149291,0.6003471
1.29e-07,0.7977269,0.6016188,0.001502899,0.6003511
1.29015e-07,0.7978473,0.7880446,0.001511437,0.6003405
1.2903e-07,0.797884,0.9558794,0.001521416,0.6003644
1.29045e-07,0.7978515,1.088395,0.001527042,0.6003567
1.2906e-07,0.7978202,1.172563,0.001530715,0.6003118
1.29075e-07,0.7976986,1.200018,0.001532839,0.6003281
1.2909e-07,0.7980591,1.200038,0.001532857,0.6003143
1.29105e-07,0.7978655,1.199993,0.001533056,0.6003334
1.293e-07,0.7983246,1.200002,0.001533447,0.6003069
1.296e-07,0.799313,1.199993,0.001532674,0.6003622
1.299e-07,0.7998422,1.200012,0.00153291,0.6003573
1.3e-07,0.7999371,1.200007,0.001531925,0.6003399
1.302e-07,0.8002635,1.200006,0.001533423,0.6003272
1.305e-07,0.8010451,1.2,0.001532373,0.6003552
1.308e-07,0.8019035,1.199986,0.001533004,0.6003568
1.311e-07,0.8024383,1.200012,0.001532218,0.6003419
1.314e-07,0.8032438,1.200013,0.001533401,0.600327
1.317e-07,0.8037489,1.199992,0.001532403,0.6003212
1.31775e-07,0.8038,1.200032,0.00153249,0.600337
1.3179e-07,0.8038017,1.200007,0.001532956,0.6003537
1.31805e-07,0.8039623,1.198759,0.001533201,0.6003498
1.3182e-07,0.8039914,1.160247,0.00153144,0.6003618
1.31835e-07,0.8040832,1.070929,0.001527101,0.6003387
1.3185e-07,0.8039071,0.9388403,0.001519959,0.6003639
1.31865e-07,0.8042725,0.7759265,0.001512186,0.6003654
1.3188e-07,0.8044357,0.5971503,0.001502316,0.6003629
1.31895e-07,0.8041558,0.4186274,0.001494549,0.6003746
1.3191e-07,0.8041544,0.256503,0.001484304,0.6003647
1.31925e-07,0.8043595,0.1256178,0.001479245,0.6003473
1.3194e-07,0.8041151,0.0377243,0.001474935,0.6003882
1.31955e-07,0.8039117,0.0008732894,0.001473083,0.6003402
1.3197e-07,0.8043533,-1.748846e-05,0.001473518,0.600347
1.31985e-07,0.8041145,-1.533711e-05,0.001473408,0.600356
1.32e-07,0.8043403,-2.144505e-05,0.001472968,0.6003347
1.323e-07,0.8046699,-6.284811e-06,0.001472738,0.6003625
1.326e-07,0.8054763,5.37049e-06,0.001473366,0.6003578
1.329e-07,0.8060413,-7.473252e-06,0.001473962,0.6003698
1.332e-07,0.8068576,-3.618561e-05,0.001471545,0.6003435
1.335e-07,0.8071809,4.997831e-06,0.001473432,0.6003634
1.338e-07,0.8076253,-8.611698e-06,0.001473543,0.6003984
1.34e-07,0.8077866,-1.512205e-06,0.00147313,0.6003607
1.341e-07,0.808174,-3.237981e-06,0.001472698,0.6003953
1.344e-07,0.8087545,5.301291e-06,0.00147341,0.6003221
1.347e-07,0.8088223,-5.873583e-06,0.001473263,0.6003465
1.35e-07,0.8093742,2.024134e-05,0.001473743,0.6003534
1.35295e-07,0.8096682,-1.047802e-05,0.001473538,0.6003248
1.353e-07,0.8099141,-2.769183e-05,0.001473091,0.6003796
1.3531e-07,0.8093899,-3.98951e-06,0.001472406,0.6003985
1.35325e-07,0.8097482,1.130116e-05,0.001472594,0.6003586
1.3534e-07,0.8098024,0.02702377,0.001474388,0.6003671
1.35355e-07,0.8097344,0.1107979,0.001478798,0.6003526
1.3537e-07,0.8098794,0.2430284,0.001485217,0.6003728
1.35385e-07,0.8098946,0.4106543,0.001492641,0.6003563
1.354e-07,0.8096339,0.5970252,0.001502761,0.6003771
1.35415e-07,0.809658,0.7836777,0.001511623,0.6003775
1.3543e-07,0.8095494,0.9521839,0.001520655,0.6003518
1.35445e-07,0.8098006,1.085741,0.001527976,0.600338
1.3546e-07,0.8097601,1.171165,0.001531448,0.6003577
1.35475e-07,0.809903,1.200018,0.001533755,0.6003421
1.3549e-07,0.8095455,1.199971,0.001533551,0.6003468
1.35505e-07,0.8098946,1.200033,0.001532307,0.6003602
1.356e-07,0.8099736,1.20004,0.001533896,0.600365
1.359e-07,0.810258,1.200012,0.001533322,0.6003768
1.36e-07,0.8102159,1.200007,0.001531873,0.6003122
1.362e-07,0.8107578,1.2,0.001532703,0.6003299
1.365e-07,0.8107316,1.200038,0.0015325,0.6003852
1.368e-07,0.8110385,1.200017,0.0015327,0.6003479
1.371e-07,0.8112202,1.199963,0.001533851,0.6003553
1.374e-07,0.8113685,1.200002,0.001532169,0.6003973
1.377e-07,0.8118294,1.199977,0.001533503,0.6003586
1.38e-07,0.8117298,1.199995,0.001533243,0.6003815
1.38175e-07,0.8119264,1.199994,0.001531974,0.6003658
1.3819e-07,0.8117023,1.199974,0.001532848,0.600412
1.38205e-07,0.8118124,1.199842,0.001533585,0.6003465
1.3822e-07,0.8120966,1.16889,0.001531498,0.6003599
1.38235e-07,0.811656,1.086287,0.001528537,0.6003768
1.3825e-07,0.8121713,0.9595878,0.001520944,0.6003837
1.38265e-07,0.8118307,0.8002149,0.001513379,0.600396
1.3828e-07,0.8117705,0.6226591,0.0015042,0.6003551
1.38295e-07,0.811949,0.4431096,0.001494,0.6003718
1.383e-07,0.8120614,0.3856352,0.00149259,0.6003449
1.3831e-07,0.8118261,0.2777914,0.001486494,0.6003732
1.38325e-07,0.8121102,0.1417081,0.001480358,0.6003694
1.3834e-07,0.8120762,0.04720214,0.001476213,0.600357
1.38355e-07,0.8117696,0.002811992,0.001473389,0.6003672
1.3837e-07,0.8122533,5.258789e-06,0.001473062,0.600365
1.38385e-07,0.8120755,-1.030583e-06,0.001472066,0.6003683
1.386e-07,0.8119378,1.467523e-05,0.001473801,0.6003583
1.389e-07,0.8119494,-2.079489e-05,0.001474164,0.6003474
1.392e-07,0.812312,-2.246303e-05,0.001473342,0.6003704
1.395e-07,0.8119034,-1.207078e-05,0.001472828,0.6003653
1.398e-07,0.8122413,2.06885e-05,0.001472233,0.6003467
1.4e-07,0.8119471,-9.828754e-07,0.001473349,0.6004181
1.401e-07,0.8120241,1.575091e-05,0.001472991,0.6003892
1.404e-07,0.8118481,1.284443e-05,0.001473036,0.6003936
1.407e-07,0.8118022,2.511485e-05,0.001472848,0.6003757
1.41e-07,0.8116745,-7.010211e-06,0.001472832,0.6003731
1.413e-07,0.811283,-2.810788e-05,0.001472867,0.6003811
1.416e-07,0.811302,1.377015e-05,0.001472331,0.6003885
1.41695e-07,0.8109173,-3.289546e-05,0.001473002,0.6003898
1.4171e-07,0.8110074,-3.79516e-06,0.001473398,0.6003651
1.41725e-07,0.8111695,3.25844e-05,0.001473503,0.6003823
1.4174e-07,0.8111012,0.01872819,0.001473646,0.6003928
1.41755e-07,0.8107376,0.09376981,0.00147731,0.6003457
1.4177e-07,0.8109275,0.2189581,0.001484301,0.6004013
1.41785e-07,0.8108176,0.3819392,0.00149215,0.6003471
1.418e-07,0.8109534,0.5665485,0.001500947,0.6003657
1.41815e-07,0.8111146,0.7544078,0.001511616,0.6003678
1.4183e-07,0.8110579,0.927006,0.001519026,0.6003652
1.41845e-07,0.8110791,1.067189,0.001527061,0.6003736
1.4186e-07,0.8111435,1.1611,0.001531387,0.6003563
1.41875e-07,0.8110076,1.199354,0.001533229,0.6003939
1.4189e-07,0.8108132,1.199962,0.00153258,0.6003958
1.419e-07,0.8106454,1.200001,0.001532878,0.6003886
1.41905e-07,0.8108922,1.199984,0.001533278,0.6004087
1.42e-07,0.810643,1.200004,0.001532822,0.6003722
1.422e-07,0.8108495,1.199993,0.001533165,0.6003493
1.425e-07,0.8103211,1.199992,0.001533429,0.6003686
1.428e-07,0.8101992,1.200006,0.001532516,0.6003556
1.431e-07,0.8099464,1.199995,0.001533348,0.6003975
1.434e-07,0.8093506,1.2,0.00153217,0.6003671
1.437e-07,0.8092642,1.200011,0.001533202,0.600396
1.44e-07,0.8088651,1.199985,0.001533912,0.6003649
1.443e-07,0.8087553,1.200019,0.001532955,0.6003691
1.44575e-07,0.8081719,1.200046,0.001533159,0.6004023
1.4459e-07,0.8084087,1.200012,0.001533874,0.6003525
1.446e-07,0.8081639,1.200001,0.001533608,0.6003766
1.44605e-07,0.808163,1.200012,0.00153248,0.6003913
1.4462e-07,0.808263,1.172585,0.001532417,0.6003887
1.44635e-07,0.8080397,1.093224,0.001527774,0.6004055
1.4465e-07,0.8081337,0.9691063,0.001520992,0.600391
1.44665e-07,0.8080629,0.8114346,0.001513671,0.6003993
1.4468e-07,0.8080826,0.6346937,0.001503731,0.6004049
1.44695e-07,0.8081588,0.4546976,0.001495628,0.6003808
1.4471e-07,0.8082673,0.2879387,0.001486542,0.600387
1.44725e-07,0.8080382,0.1495232,0.00148018,0.6003978
1.4474e-07,0.8077705,0.05190684,0.001475512,0.600383
1.44755e-07,0.8079943,0.004073507,0.001473554,0.6003936
1.4477e-07,0.8080704,2.337248e-05,0.001473246,0.6003877
1.44785e-07,0.8079541,-1.284659e-05,0.001473076,0.6003888
1.449e-07,0.8079099,-2.35754e-05,0.001472478,0.6003774
1.452e-07,0.8075452,-1.997786e-05,0.001472639,0.6003811
1.455e-07,0.8067893,-1.324351e-05,0.001473177,0.6003841
1.458e-07,0.8065964,-4.518055e-06,0.001472531,0.6003905
1.46e-07,0.8060471,2.684677e-07,0.001472939,0.6004149
1.461e-07,0.8061014,-1.003693e-05,0.001473165,0.60035
1.464e-07,0.8059773,-2.538002e-05,0.001472919,0.6003548
1.467e-07,0.8050265,-4.927986e-05,0.001473,0.6003817
1.47e-07,0.8047523,-2.353039e-05,0.001472665,0.6003878
1.473e-07,0.8041761,4.605052e-05,0.001473507,0.6003811
1.476e-07,0.8037905,4.733127e-06,0.001473528,0.6003822
1.479e-07,0.8032066,2.8906e-05,0.001472967,0.6003798
1.48e-07,0.8030748,2.08213e-05,0.001473171,0.6003873
1.48095e-07,0.8028544,3.613317e-05,0.001472628,0.6004077
1.4811e-07,0.8028684,-7.893818e-06,0.00147267,0.6003796
1.48125e-07,0.8031945,0.0004178312,0.001472502,0.6004156
1.4814e-07,0.802737,0.03709893,0.001473883,0.6004251
1.48155e-07,0.8031146,0.1295932,0.001479807,0.6003767
1.4817e-07,0.8029092,0.2686798,0.001487313,0.6004096
1.48185e-07,0.8027527,0.4406027,0.001494668,0.6004063
1.482e-07,0.8026194,0.6283151,0.001504938,0.6004061
1.48215e-07,0.8027836,0.8132483,0.001514012,0.6003637
1.4823e-07,0.8026818,0.9770006,0.00152193,0.6004216
1.48245e-07,0.8025509,1.103418,0.001528021,0.600393
1.4826e-07,0.8027678,1.179995,0.001531337,0.6004332
1.48275e-07,0.8025805,1.199984,0.001533504,0.6004064
1.4829e-07,0.8027954,1.200003,0.001533216,0.6004112
1.48305e-07,0.8027407,1.200032,0.001532361,0.6004298
1.485e-07,0.8023803,1.199997,0.001533421,0.600406
1.488e-07,0.801956,1.199975,0.001533087,0.6004191
1.491e-07,0.8013262,1.200038,0.001533729,0.6003907
1.494e-07,0.8007369,1.199999,0.001533315,0.6004072
1.497e-07,0.8007016,1.199998,0.001532134,0.6003805
1.5e-07,0.7999536,1.200013,0.001533598,0.600401
1.503e-07,0.7998703,1.200002,0.001532832,0.6003788
1.506e-07,0.7994098,1.200001,0.001532474,0.6004103
1.509e-07,0.7985378,1.199987,0.001533348,0.6004223
1.50975e-07,0.7989801,1.200017,0.001533386,0.6004137
1.5099e-07,0.7985263,1.199993,0.001533585,0.6003873
1.51005e-07,0.7985169,1.195077,0.001532969,0.6003841
1.5102e-07,0.7983473,1.145303,0.001530887,0.6004142
1.51035e-07,0.7987175,1.046057,0.001525473,0.6004079
1.5105e-07,0.7986877,0.9062956,0.001517875,0.6003884
1.51065e-07,0.7985585,0.7387942,0.001509662,0.6004203
1.5108e-07,0.7983445,0.5586696,0.001500508,0.6003786
1.51095e-07,0.7984758,0.3822966,0.001492131,0.6004101
1.5111e-07,0.7985774,0.2256221,0.001485255,0.6004275
1.51125e-07,0.7980853,0.1030333,0.001477952,0.6003862
1.5114e-07,0.7982878,0.02549677,0.001474655,0.6003779
1.51155e-07,0.798228,8.755601e-06,0.001472342,0.6004168
1.5117e-07,0.7984884,-8.925478e-06,0.001472344,0.6003943
1.51185e-07,0.7982363,-1.09279e-05,0.001473406,0.6004114
1.512e-07,0.7984161,-1.473012e-06,0.001473085,0.6003775
1.515e-07,0.7976895,6.232951e-06,0.00147237,0.6004156
1.518e-07,0.7973086,-7.001997e-05,0.001473033,0.6004009
1.52e-07,0.7970239,1.808427e-06,0.001474158,0.6004202
1.521e-07,0.7970521,-3.073684e-06,0.001472924,0.6004114
1.524e-07,0.7967315,-7.988812e-06,0.001472823,0.6004152
1.527e-07,0.7962598,6.228251e-06,0.001473177,0.6004326
1.53e-07,0.7959602,-1.739334e-05,0.001473964,0.6004062
1.533e-07,0.7955842,-4.463373e-05,0.001472784,0.6004002
1.536e-07,0.7952434,1.874088e-05,0.001473544,0.6004356
1.539e-07,0.794735,-1.054354e-05,0.001472908,0.6004297
1.54e-07,0.7945193,-7.189194e-06,0.001473527,0.6004035
1.542e-07,0.7948216,-2.197374e-05,0.001473255,0.6004392
1.54495e-07,0.7943689,7.055006e-06,0.001472807,0.600397
1.545e-07,0.7940174,-1.918933e-05,0.001473707,0.6004018
1.5451e-07,0.7943909,1.817781e-05,0.001472671,0.6004108
1.54525e-07,0.794326,0.001069582,0.001472172,0.6004237
1.5454e-07,0.794139,0.04172046,0.001474435,0.6004432
1.54555e-07,0.7941191,0.1376884,0.001479958,0.6004029
1.5457e-07,0.7940333,0.2795116,0.001487502,0.6003783
1.54585e-07,0.7940693,0.4531115,0.001495708,0.6003967
1.546e-07,0.7940494,0.6412551,0.001504196,0.6003946
1.54615e-07,0.7943059,0.8253005,0.001513604,0.6004435
1.5463e-07,0.7942406,0.9870294,0.001522417,0.6003861
1.54645e-07,0.7942103,1.110362,0.001528996,0.6004118
1.5466e-07,0.7944201,1.183152,0.001532452,0.6003983
1.54675e-07,0.7940167,1.200036,0.001532538,0.6004295
1.5469e-07,0.7941917,1.200008,0.001533108,0.6004074
1.54705e-07,0.7942376,1.200017,0.001533294,0.6004184
1.548e-07,0.7937745,1.200017,0.001533374,0.6004463
1.551e-07,0.793805,1.199998,0.001533149,0.6004194
1.554e-07,0.7934162,1.200012,0.001532369,0.6004555
1.557e-07,0.7934607,1.199981,0.001532678,0.6004133
1.56e-07,0.7929421,1.199996,0.001533056,0.600417
1.563e-07,0.7930022,1.199968,0.001532676,0.6004172
1.566e-07,0.7923097,1.199986,0.001531788,0.6004084
1.569e-07,0.7928216,1.199992,0.001532859,0.6003801
1.572e-07,0.7923467,1.200009,0.001532879,0.6004607
1.57375e-07,0.7922384,1.199977,0.001532913,0.6004143
1.5739e-07,0.7923153,1.200037,0.001533188,0.6004477
1.57405e-07,0.7920795,1.194851,0.001532988,0.6004141
1.5742e-07,0.792358,1.1445,0.001530686,0.6003773
1.57435e-07,0.7924979,1.044749,0.001525293,0.6004432
1.5745e-07,0.7920401,0.9046121,0.00151824,0.6004521
1.57465e-07,0.7925,0.7368703,0.001509803,0.6004112
1.5748e-07,0.7920436,0.5566913,0.001500897,0.6004084
1.57495e-07,0.7919685,0.3804618,0.001491963,0.6004454
1.575e-07,0.7922675,0.3253867,0.001488476,0.6004132
1.5751e-07,0.7922757,0.2241104,0.001484524,0.6004268
1.57525e-07,0.7924903,0.1018998,0.001478023,0.6004323
1.5754e-07,0.7921929,0.02490893,0.001473749,0.600445
1.57555e-07,0.7920573,1.89282e-05,0.001473672,0.6004112
1.5757e-07,0.7923928,1.666322e-05,0.001472704,0.6004377
1.57585e-07,0.792425,5.298347e-06,0.001472692,0.6004107
1.578e-07,0.7919826,-1.593592e-05,0.001472994,0.600426
1.58e-07,0.7919774,3.077051e-05,0.001472476,0.6004262
1.581e-07,0.7919539,2.735949e-05,0.001474124,0.6004265
1.584e-07,0.7918007,-2.717277e-05,0.001472191,0.6004113
1.587e-07,0.7920437,1.902104e-06,0.001473706,0.600397
1.59e-07,0.7919357,-9.249041e-06,0.001472575,0.6004263
1.593e-07,0.7918398,-1.847488e-06,0.001473632,0.6003824
1.596e-07,0.791977,-1.585405e-05,0.00147391,0.6004546
1.599e-07,0.7917817,-2.868075e-06,0.001471936,0.6004101
1.6e-07,0.792161,-4.564169e-07,0.001473101,0.6004157
1.602e-07,0.7919249,1.762521e-05,0.001472627,0.6004136
1.605e-07,0.792374,1.349946e-05,0.001472985,0.6004158
1.608e-07,0.7921092,4.520315e-07,0.001472011,0.6004137
1.60895e-07,0.792126,2.81193e-05,0.001472133,0.6004379
1.6091e-07,0.7922772,-1.609591e-05,0.001472665,0.6003775
1.60925e-07,0.7922306,1.011795e-05,0.001473332,0.6004182
1.6094e-07,0.7921183,0.02997205,0.00147373,0.6004184
1.60955e-07,0.7922959,0.1164582,0.001478524,0.6003843
1.6097e-07,0.7921768,0.2508183,0.001485613,0.6004409
1.60985e-07,0.7919142,0.4198096,0.001494283,0.6004323
1.61e-07,0.7921453,0.6066415,0.001503818,0.6004427
1.61015e-07,0.7923971,0.7928662,0.001512454,0.6004051
1.6103e-07,0.7921426,0.9599309,0.001521034,0.6003646
1.61045e-07,0.7925075,1.091334,0.001527847,0.6004589
1.6106e-07,0.792043,1.174035,0.001531263,0.6004232
1.61075e-07,0.7922275,1.200004,0.001534156,0.6004224
1.6109e-07,0.7921541,1.199997,0.00153296,0.6004203
1.611e-07,0.7923135,1.199986,0.0015329,0.600406
1.61105e-07,0.7923606,1.200017,0.001532944,0.6004581
1.614e-07,0.7924893,1.199987,0.001533208,0.6004236
1.617e-07,0.7925703,1.199998,0.001533266,0.6004315
1.62e-07,0.7924016,1.199993,0.001532553,0.6004686
1.623e-07,0.792733,1.200032,0.001532286,0.6003963
1.626e-07,0.7930175,1.200036,0.001532979,0.6004418
1.629e-07,0.7931955,1.20002,0.001532921,0.6004328
1.632e-07,0.7934535,1.200018,0.001533754,0.6004318
1.635e-07,0.7937705,1.199965,0.001533005,0.6004342
1.63775e-07,0.7938837,1.200026,0.001533086,0.6004359
1.6379e-07,0.793686,1.199981,0.001532861,0.6004469
1.638e-07,0.7938832,1.200018,0.001533103,0.6003953
1.63805e-07,0.7936961,1.197683,0.001532403,0.6004693
1.6382e-07,0.7938997,1.154842,0.001531262,0.6004899
1.63835e-07,0.7941633,1.061626,0.001526619,0.6004687
1.6385e-07,0.7940128,0.9265075,0.001518759,0.600458
1.63865e-07,0.7940798,0.7617589,0.00151036,0.6004461
1.6388e-07,0.7939514,0.5823868,0.00150317,0.6004866
1.63895e-07,0.794152,0.4045783,0.00149236,0.6004205
1.6391e-07,0.7937651,0.2445338,0.001484787,0.6004085
1.63925e-07,0.7942414,0.1167129,0.001478432,0.6004484
1.6394e-07,0.7939601,0.03272505,0.001474878,0.6004209
1.63955e-07,0.7936751,0.00027125,0.001472507,0.6004301
1.6397e-07,0.7938995,1.768625e-05,0.001472906,0.6004513
1.63985e-07,0.7940109,5.032272e-06,0.00147304,0.6004078
1.64e-07,0.7940559,6.47454e-06,0.001472789,0.600444
1.641e-07,0.7942731,-3.476413e-05,0.001472562,0.600438
1.644e-07,0.7941697,-2.128251e-05,0.001472852,0.6004243
1.647e-07,0.7945967,2.943152e-05,0.001472811,0.6004435
1.65e-07,0.7949688,-1.697754e-06,0.001473424,0.6004147
1.653e-07,0.7951894,9.139221e-06,0.001472477,0.6004427
1.656e-07,0.7956176,-1.07755e-05,0.001473553,0.6004147
1.659e-07,0.7958194,-3.665673e-05,0.001472464,0.6004329
1.66e-07,0.7955832,3.228273e-06,0.001473038,0.6004315
1.662e-07,0.7959088,1.416512e-05,0.001473555,0.6004524
1.665e-07,0.795935,-2.196982e-05,0.001473054,0.6004441
1.668e-07,0.7964791,-4.614292e-06,0.001474036,0.6004587
1.671e-07,0.7969823,-4.274047e-05,0.001472983,0.6004711
1.67295e-07,0.797278,-1.23042e-06,0.001473127,0.6004431
1.6731e-07,0.7972768,-1.076592e-05,0.001472454,0.6004562
1.67325e-07,0.7971538,-2.722633e-05,0.001473332,0.6004588
1.6734e-07,0.7973694,0.02916761,0.001473687,0.6004314
1.67355e-07,0.7970421,0.1148668,0.001478483,0.6004676
1.6737e-07,0.7972237,0.248716,0.0014858,0.6004666
1.67385e-07,0.796899,0.4173252,0.001494358,0.6004159
1.674e-07,0.7972829,0.6040409,0.001503355,0.6005055
1.67415e-07,0.7973059,0.7903738,0.001512356,0.6004748
1.6743e-07,0.7971177,0.9578529,0.001520099,0.6004368
1.67445e-07,0.7971509,1.089813,0.001527474,0.600453
1.6746e-07,0.7972024,1.173248,0.001531251,0.6004383
1.67475e-07,0.7976322,1.200001,0.001533331,0.6004384
1.6749e-07,0.7972358,1.200026,0.001532707,0.6004415
1.67505e-07,0.7974681,1.200004,0.001533137,0.6004357
1.677e-07,0.7973513,1.199982,0.001532025,0.6004852
1.68e-07,0.7980428,1.200018,0.001533293,0.6004131
1.683e-07,0.798142,1.200008,0.001533062,0.6004435
1.686e-07,0.7984093,1.199975,0.001533144,0.6004615
1.689e-07,0.7988189,1.200018,0.001533335,0.6004608
1.692e-07,0.7991241,1.20002,0.001533355,0.6004431
1.695e-07,0.7994431,1.199999,0.001532861,0.6004464
1.698e-07,0.7996099,1.199979,0.00153252,0.6004776
1.7e-07,0.7999387,1.200004,0.001533263,0.6004341
1.701e-07,0.8002368,1.200001,0.001533033,0.6004679
1.70175e-07,0.8001719,1.19998,0.001532152,0.6004223
1.7019e-07,0.8002473,1.199996,0.001532734,0.6004536
1.70205e-07,0.8001886,1.19985,0.001533209,0.6004524
1.7022e-07,0.8003463,1.168988,0.001530893,0.6004763
1.70235e-07,0.800361,1.086462,0.001527333,0.6004149
1.7025e-07,0.800079,0.9598602,0.001520067,0.6004399
1.70265e-07,0.8003691,0.8005372,0.001513544,0.6004778
1.7028e-07,0.8005747,0.6229895,0.00150487,0.6004599
1.70295e-07,0.8004874,0.4434683,0.001495009,0.6004743
1.7031e-07,0.8004241,0.2780522,0.001486359,0.6004415
1.70325e-07,0.8003035,0.1418881,0.001480396,0.6004711
1.7034e-07,0.8004425,0.04725552,0.001475083,0.6004627
1.70355e-07,0.8005927,0.002843348,0.001473182,0.600438
1.7037e-07,0.8003254,-3.648791e-06,0.001473433,0.6004693
1.70385e-07,0.8003806,7.491149e-06,0.001473033,0.6004714
1.704e-07,0.8001792,-4.314971e-07,0.00147275,0.6004726
1.707e-07,0.8008171,7.878641e-06,0.00147264,0.6004569
1.71e-07,0.8011378,2.227531e-05,0.001472928,0.6004896
1.713e-07,0.8012288,3.242739e-05,0.001472592,0.6004513
1.716e-07,0.8015515,2.951711e-06,0.00147311,0.6004508
1.719e-07,0.8018695,1.036268e-05,0.001473439,0.6004665
1.72e-07,0.8021616,1.643576e-05,0.001472846,0.6004428
1.722e-07,0.8016767,2.678051e-05,0.001473365,0.6004387
1.725e-07,0.8024044,1.060292e-05,0.001473719,0.6004658
1.728e-07,0.8023535,-9.904849e-06,0.001473967,0.6004848
1.731e-07,0.8031718,1.40643e-05,0.00147306,0.6004614
1.734e-07,0.8032017,-9.022819e-07,0.001473797,0.6004628
1.73695e-07,0.8034437,-4.316543e-06,0.001472631,0.6004486
1.737e-07,0.8033387,3.974697e-05,0.001472611,0.6004835
1.7371e-07,0.8030634,-2.128211e-06,0.001472482,0.6004729
1.73725e-07,0.8034048,-3.726419e-05,0.001472814,0.6004158
1.7374e-07,0.8034177,0.01461426,0.001473364,0.6004686
1.73755e-07,0.8036595,0.08456752,0.001477209,0.6004439
1.7377e-07,0.8034354,0.2055462,0.001483346,0.6004848
1.73785e-07,0.8034603,0.3656367,0.001490511,0.6004842
1.738e-07,0.8034726,0.5489474,0.001499713,0.6004919
1.73815e-07,0.8033162,0.7373937,0.001509301,0.6004731
1.7383e-07,0.8035829,0.9121135,0.001518536,0.6004818
1.73845e-07,0.8036182,1.055962,0.001526402,0.6004724
1.7386e-07,0.8035356,1.154619,0.001530164,0.6004463
1.73875e-07,0.8031411,1.198255,0.00153272,0.6004986
1.7389e-07,0.8034273,1.199995,0.001533384,0.6004319
1.73905e-07,0.8038237,1.200003,0.001533025,0.6004903
1.74e-07,0.8036094,1.20004,0.001534102,0.6004894
1.743e-07,0.8041085,1.199974,0.001532801,0.6004852
1.746e-07,0.8039655,1.200005,0.001533409,0.6004579
1.749e-07,0.8040188,1.19997,0.001533495,0.6004796
1.752e-07,0.8045794,1.2,0.001532392,0.6004605
1.755e-07,0.8044463,1.200003,0.001532871,0.6004746
1.758e-07,0.8048237,1.199968,0.001533368,0.6004604
1.76e-07,0.8047348,1.199998,0.001533176,0.6004861
1.761e-07,0.8047129,1.200014,0.001532505,0.6004557
1.764e-07,0.8047141,1.200008,0.0015337,0.600477
1.76575e-07,0.8050643,1.200013,0.001532599,0.6004485
1.7659e-07,0.8048777,1.199973,0.001533792,0.6004619
1.76605e-07,0.8047327,1.198929,0.001532412,0.6004714
1.7662e-07,0.8047029,1.161085,0.001530993,0.6004731
1.76635e-07,0.8050586,1.072372,0.001526345,0.6005
1.7665e-07,0.805,0.9407607,0.001519257,0.6004734
1.76665e-07,0.8049175,0.7782492,0.001512277,0.6004848
1.7668e-07,0.8049623,0.5995795,0.001502861,0.6004609
1.76695e-07,0.8049816,0.4208878,0.001494348,0.600481
1.767e-07,0.8048095,0.3642074,0.001491154,0.6004894
1.7671e-07,0.8053173,0.2584986,0.001486703,0.6004576
1.76725e-07,0.8046476,0.1270871,0.001478696,0.6004874
1.7674e-07,0.8051208,0.03855516,0.001475151,0.6004899
1.76755e-07,0.8049068,0.001005357,0.001473345,0.6004914
1.7677e-07,0.8049863,2.895665e-06,0.001473201,0.6004692
1.76785e-07,0.8049639,2.739168e-05,0.001472784,0.6004437
1.77e-07,0.8050825,1.350759e-06,0.001472357,0.6004386
1.773e-07,0.805075,3.126922e-05,0.001472951,0.6004722
1.776e-07,0.8051552,2.045253e-05,0.001472596,0.6004877
1.779e-07,0.8052622,1.222698e-05,0.001472642,0.6004816
1.78e-07,0.8052233,-1.111787e-05,0.001473527,0.6004579
1.782e-07,0.8052339,-5.640944e-06,0.001473147,0.600436
1.785e-07,0.8053607,3.209213e-05,0.001473454,0.6004778
1.788e-07,0.8054546,1.008927e-05,0.001472454,0.6005113
1.791e-07,0.8053907,-2.686108e-06,0.001473265,0.6004674
1.794e-07,0.8055076,-6.804744e-06,0.001472602,0.6004652
1.797e-07,0.8054566,2.4462e-05,0.001472901,0.6005022
1.8e-07,0.8054049,9.008921e-06,0.001472403,0.6004666
1.80095e-07,0.80535,-3.953904e-05,0.001473286,0.6004838
1.8011e-07,0.8053913,5.618744e-06,0.001472887,0.600453
1.80125e-07,0.8052251,8.108634e-05,0.001473572,0.6004488
1.8014e-07,0.8055486,0.03275663,0.001474279,0.6004524
1.80155e-07,0.805198,0.121559,0.001479071,0.600461
1.8017e-07,0.8054966,0.2578579,0.001485006,0.6004582
1.80185e-07,0.8052752,0.4280295,0.001493431,0.6005071
1.802e-07,0.805224,0.615237,0.001503565,0.6004543
1.80215e-07,0.8053348,0.8009651,0.001513065,0.6004843
1.8023e-07,0.8050185,0.9667283,0.001521311,0.6004559
1.80245e-07,0.8052788,1.096213,0.001527213,0.6005249
1.8026e-07,0.805365,1.176517,0.001532611,0.6005128
1.80275e-07,0.8054037,1.199988,0.001533581,0.6004729
1.8029e-07,0.8054826,1.199995,0.001533409,0.6004894
1.803e-07,0.8051627,1.200019,0.001532723,0.6004923
1.80305e-07,0.8052491,1.200033,0.001533852,0.6004915
1.806e-07,0.8052075,1.199999,0.001533308,0.600515
1.809e-07,0.8052697,1.199999,0.001533132,0.6004315
1.812e-07,0.8053242,1.199975,0.001532861,0.6004823
1.815e-07,0.8048681,1.199987,0.001532745,0.6004693
1.818e-07,0.8049941,1.199988,0.001532187,0.600454
1.82e-07,0.8049119,1.199987,0.001533371,0.6004808
1.821e-07,0.804777,1.199997,0.001533078,0.6004882
1.824e-07,0.8047192,1.200008,0.001533049,0.6004576
1.827e-07,0.8047028,1.199986,0.001532799,0.6004762
1.82975e-07,0.8046992,1.199984,0.001533047,0.6004621
1.8299e-07,0.8044621,1.199986,0.001533914,0.6004871
1.83e-07,0.8044942,1.19867,0.001532881,0.6004586
1.83005e-07,0.8047608,1.191502,0.001532325,0.6005126
1.8302e-07,0.8043349,1.134837,0.001529652,0.6004978
1.83035e-07,0.8044706,1.029535,0.001524933,0.6004659
1.8305e-07,0.8045799,0.8853047,0.001517647,0.6004835
1.83065e-07,0.8045038,0.7151783,0.001508578,0.6005048
1.8308e-07,0.8046167,0.5346695,0.001499696,0.6004583
1.83095e-07,0.8043377,0.3599567,0.001489529,0.6005325
1.8311e-07,0.8042603,0.2070898,0.001483528,0.6004917
1.83125e-07,0.8044303,0.08988469,0.001477062,0.6004558
1.8314e-07,0.8045234,0.01895558,0.001474433,0.6004986
1.83155e-07,0.8044938,-1.337814e-05,0.00147332,0.6004916
1.8317e-07,0.8044813,2.671808e-05,0.001473491,0.600478
1.83185e-07,0.8047002,2.030313e-05,0.001472887,0.6005221
1.833e-07,0.8044108,3.075674e-06,0.001472444,0.6004519
1.836e-07,0.8042259,3.255357e-05,0.001472509,0.6004966
1.839e-07,0.8040926,-5.501143e-06,0.001473144,0.6004952
1.84e-07,0.8039433,-1.163079e-05,0.001472441,0.6004764
1.842e-07,0.8037124,-1.904346e-05,0.001472878,0.6005037
1.845e-07,0.8040214,1.441546e-05,0.001473468,0.60047
1.848e-07,0.8036769,3.364632e-05,0.001472908,0.600495
1.851e-07,0.8033395,-2.184844e-05,0.001472606,0.6004894
1.854e-07,0.8032273,-1.195242e-05,0.001473029,0.6005266
1.857e-07,0.8033187,-1.822657e-05,0.001473356,0.6004809
1.86e-07,0.802836,-2.941607e-05,0.001472512,0.6004806
1.863e-07,0.8025184,-2.403131e-06,0.001473661,0.6004938
1.86495e-07,0.8023007,2.691855e-05,0.001473321,0.6005127
1.8651e-07,0.8022933,1.525307e-05,0.001473451,0.6005266
1.86525e-07,0.8022064,0.0002949018,0.001472717,0.6005149
1.8654e-07,0.8024482,0.0355983,0.001475294,0.6005016
1.86555e-07,0.8022281,0.1268178,0.00147954,0.6004881
1.8657e-07,0.8025834,0.2649828,0.001487279,0.6004812
1.86585e-07,0.8023622,0.4362968,0.001494293,0.6005042
1.866e-07,0.8022982,0.623859,0.001504306,0.6005099
1.86615e-07,0.8022906,0.8090868,0.001513414,0.6005139
1.8663e-07,0.8022459,0.9735613,0.001521965,0.6004743
1.86645e-07,0.8023882,1.101025,0.001528286,0.600476
1.8666e-07,0.8024528,1.178825,0.001531877,0.6004901
1.86675e-07,0.8024389,1.200027,0.001533169,0.6005407
1.8669e-07,0.8022593,1.200039,0.001534064,0.6004624
1.86705e-07,0.8024822,1.199981,0.001533039,0.6004407
1.869e-07,0.8024137,1.200011,0.00153334,0.6004947
1.872e-07,0.8021078,1.200004,0.001533381,0.6004549
1.875e-07,0.8017413,1.200018,0.00153284,0.6005069
1.878e-07,0.8016241,1.200011,0.00153243,0.6005061
1.88e-07,0.8018028,1.20003,0.001532952,0.6004829
1.881e-07,0.8011808,1.200004,0.001533092,0.6004934
1.884e-07,0.8010813,1.199969,0.001532791,0.6004988
1.887e-07,0.8009625,1.200023,0.001533324,0.6004907
1.89e-07,0.8007831,1.199985,0.001533502,0.6005192
1.893e-07,0.8003959,1.200029,0.001532734,0.6005265
1.89375e-07,0.8000361,1.200002,0.001532732,0.6005088
1.8939e-07,0.8002864,1.199977,0.00153282,0.6004854
1.89405e-07,0.800513,1.200033,0.001533233,0.6005146
1.8942e-07,0.8002131,1.178845,0.001532084,0.6005559
1.89435e-07,0.8002367,1.105555,0.001526965,0.6004917
1.8945e-07,0.8002535,0.9863809,0.001521886,0.6004991
1.89465e-07,0.8003525,0.8321889,0.001515057,0.6005122
1.8948e-07,0.8003612,0.6568594,0.001506078,0.6004939
1.89495e-07,0.8004256,0.4764394,0.001498433,0.6005274
1.8951e-07,0.8003558,0.3072081,0.001489383,0.6005074
1.89525e-07,0.800371,0.1645254,0.001481806,0.6005707
1.8954e-07,0.800567,0.06140921,0.001475646,0.600508
1.89555e-07,0.8000888,0.007070157,0.001473301,0.600524
1.8957e-07,0.8002021,1.686513e-05,0.001473585,0.6004862
1.89585e-07,0.8003956,-3.135168e-05,0.001472859,0.6004896
1.896e-07,0.7999909,1.115111e-05,0.001473048,0.6005517
1.899e-07,0.7998282,4.222687e-05,0.001472722,0.6004903
1.9e-07,0.8000446,2.301761e-05,0.001473347,0.6004979
1.902e-07,0.8000648,-1.059633e-05,0.001472818,0.6005057
1.905e-07,0.7995091,-1.313623e-05,0.001472814,0.6005291
1.908e-07,0.7991745,8.944764e-06,0.001472162,0.6004917
1.911e-07,0.799368,-4.974408e-05,0.001473618,0.6004918
1.914e-07,0.7992922,7.072095e-06,0.001473092,0.6005071
1.917e-07,0.7987191,-1.135986e-05,0.001474084,0.600539
1.92e-07,0.7986876,-2.377287e-05,0.001473306,0.6005091
1.923e-07,0.798441,-2.081889e-05,0.001472644,0.6005188
1.926e-07,0.7983307,-1.32664e-05,0.001472704,0.6004935
1.92895e-07,0.7981324,1.677065e-05,0.00147261,0.6005353
1.929e-07,0.7983715,-1.390128e-05,0.001474016,0.6005097
1.9291e-07,0.7981532,2.06906e-05,0.001473637,0.6005055
1.92925e-07,0.7981928,0.001311836,0.001472578,0.6004743
1.9294e-07,0.7979097,0.04334158,0.001475399,0.6005075
1.92955e-07,0.7982598,0.1405163,0.001479762,0.6005607
1.9297e-07,0.7980923,0.2832688,0.00148698,0.6005142
1.92985e-07,0.7981753,0.4573889,0.001495754,0.6004857
1.93e-07,0.7980829,0.6456733,0.001505197,0.6005165
1.93015e-07,0.7982618,0.8293931,0.001514153,0.6005125
1.9303e-07,0.7980187,0.9903456,0.001522844,0.600529
1.93045e-07,0.7981751,1.112664,0.001528311,0.6004994
1.9306e-07,0.7984185,1.184191,0.001531635,0.6005314
1.93075e-07,0.7979554,1.200015,0.00153315,0.6005085
1.9309e-07,0.798183,1.200003,0.001532848,0.6005128
1.93105e-07,0.79805,1.199978,0.001533841,0.6005044
1.932e-07,0.7980784,1.199954,0.001532958,0.6004818
1.935e-07,0.7979132,1.199994,0.001532411,0.6004973
1.938e-07,0.7978866,1.200024,0.001532463,0.6004975
1.94e-07,0.7977083,1.200004,0.00153343,0.60052
1.941e-07,0.7973575,1.199982,0.001532839,0.6005143
1.944e-07,0.7973072,1.200013,0.001533414,0.60051
1.947e-07,0.7973507,1.20004,0.001532602,0.6005058
1.95e-07,0.7973439,1.199989,0.001532159,0.6005675
1.953e-07,0.7970431,1.20001,0.001533281,0.6005115
1.956e-07,0.7970354,1.199976,0.001532513,0.6004877
1.95775e-07,0.7967841,1.19999,0.001532887,0.6005553
1.9579e-07,0.7967145,1.199955,0.001532505,0.6005295
1.95805e-07,0.7970215,1.20002,0.00153352,0.6004937
1.9582e-07,0.7967065,1.18395,0.001532997,0.6005187
1.95835e-07,0.7969963,1.116392,0.001529608,0.6005479
1.9585e-07,0.7970892,1.001975,0.001522735,0.6005275
1.95865e-07,0.7965497,0.8511458,0.001514726,0.6005114
1.9588e-07,0.7969287,0.6774539,0.001506835,0.6005323
1.95895e-07,0.7968385,0.4967578,0.001497,0.6005098
1.959e-07,0.7970034,0.4378229,0.0014946,0.6005371
1.9591e-07,0.7968814,0.3254452,0.001488179,0.6005231
1.95925e-07,0.7969756,0.1790056,0.001481927,0.6005265
1.9594e-07,0.7966895,0.07081386,0.001476148,0.600514
1.95955e-07,0.7967258,0.01062485,0.001473805,0.6005249
1.9597e-07,0.7967334,2.088756e-05,0.001472585,0.6005286
1.95985e-07,0.7968256,-1.798191e-05,0.001472883,0.600489
1.96e-07,0.7968549,-1.952428e-05,0.00147325,0.6005376
1.962e-07,0.7970743,4.356111e-05,0.00147359,0.6004867
1.965e-07,0.7968402,8.544531e-06,0.001472787,0.6004935
1.968e-07,0.7966289,-5.559808e-05,0.001472741,0.6005323
1.971e-07,0.7967171,-3.158176e-06,0.001472763,0.6005361
1.974e-07,0.7963957,1.062098e-05,0.001472513,0.6005153
1.977e-07,0.7963295,5.034371e-06,0.00147225,0.600513
1.98e-07,0.7964946,-3.339462e-05,0.001473595,0.6004976
1.983e-07,0.7963481,1.742938e-05,0.001472424,0.6005369
1.986e-07,0.7964279,-4.643093e-06,0.001472637,0.6005333
1.989e-07,0.7962315,1.813874e-06,0.00147305,0.6005247
1.992e-07,0.7962604,-1.564029e-05,0.001472737,0.600536
1.99295e-07,0.7963661,-3.191687e-05,0.001473529,0.6005113
1.9931e-07,0.7962529,-6.88107e-06,0.00147255,0.6005578
1.99325e-07,0.7963558,-1.184241e-05,0.001472641,0.6005321
1.9934e-07,0.7961536,0.01915177,0.001474565,0.6005244
1.99355e-07,0.7962805,0.09475013,0.001477337,0.60054
1.9937e-07,0.7963788,0.2203879,0.001483121,0.6005366
1.99385e-07,0.796334,0.3835954,0.001491408,0.6005558
1.994e-07,0.7963017,0.5683394,0.001501598,0.6005146
1.99415e-07,0.7963848,0.7561426,0.001511421,0.6005292
1.9943e-07,0.7963061,0.9285762,0.001519123,0.6005364
1.99445e-07,0.7962267,1.068331,0.001526421,0.6005397
1.9946e-07,0.7964689,1.161726,0.001531052,0.6005123
1.99475e-07,0.7965125,1.199468,0.001533001,0.6005602
1.9949e-07,0.7962231,1.200005,0.001533236,0.6005402
1.995e-07,0.7963694,1.199994,0.001533339,0.6005289
1.99505e-07,0.7961522,1.200019,0.001532983,0.6005206
1.998e-07,0.79656,1.199989,0.001532989,0.6005227
2e-07,0.7963519,1.200026,0.001532829,0.6004973
2.001e-07,0.7966991,1.199993,0.001533072,0.6004983
2.004e-07,0.7964423,1.20001,0.00153317,0.6005583
2.007e-07,0.7964088,1.200005,0.001532069,0.6005599
2.01e-07,0.7964432,1.199967,0.001532789,0.6005247
2.013e-07,0.7965039,1.199995,0.001532858,0.6005368
2.016e-07,0.7966414,1.199973,0.001533559,0.6005405
2.019e-07,0.7968545,1.200004,0.00153255,0.6005426
2.02e-07,0.796855,1.200015,0.001532375,0.6005498
2.02175e-07,0.7965897,1.200014,0.001533077,0.6005687
2.0219e-07,0.7965175,1.199999,0.001532019,0.6005167
2.022e-07,0.7967276,1.199982,0.00153322,0.6005146
2.02205e-07,0.7966074,1.199786,0.001533107,0.600524
2.0222e-07,0.7968416,1.167925,0.001532447,0.6005619
2.02235e-07,0.7967847,1.084554,0.001526907,0.600548
2.0225e-07,0.7967641,0.9571692,0.001521808,0.6005354
2.02265e-07,0.7967,0.7974092,0.001513209,0.6005601
2.0228e-07,0.796871,0.6197336,0.001504491,0.6005395
2.02295e-07,0.7968485,0.440226,0.001495245,0.6005587
2.0231e-07,0.7968524,0.2752795,0.001486443,0.600528
2.02325e-07,0.7970314,0.1397672,0.001479777,0.6005644
2.0234e-07,0.79681,0.04599781,0.001475955,0.6005308
2.02355e-07,0.7968718,0.002503062,0.001473914,0.600543
2.0237e-07,0.796772,-1.390678e-05,0.001473364,0.6005481
2.02385e-07,0.7967651,1.757028e-05,0.001472973,0.600553
2.025e-07,0.7965729,-4.991289e-06,0.001472503,0.6005274
2.028e-07,0.7969261,-1.982935e-05,0.001472116,0.6005314
2.031e-07,0.7969327,-2.368396e-06,0.001473059,0.6005738
2.034e-07,0.7972585,-3.413233e-06,0.001472613,0.60053
2.037e-07,0.7972747,-2.466543e-05,0.001473772,0.6005544
2.04e-07,0.7974057,-1.436093e-05,0.001473723,0.6005279
2.043e-07,0.7975958,-1.755987e-05,0.001472812,0.600539
2.046e-07,0.797631,-4.495693e-05,0.001472687,0.6005248
2.049e-07,0.7975801,-3.238082e-06,0.001473669,0.6005729
2.052e-07,0.7976675,-3.292602e-05,0.00147219,0.6005726
2.055e-07,0.7978193,-5.65054e-06,0.001472851,0.6005447
2.05695e-07,0.797928,2.389767e-05,0.00147195,0.6005606
2.0571e-07,0.7983413,-2.920316e-06,0.001473117,0.6005627
2.05725e-07,0.7984311,0.0001021076,0.001472663,0.600551
2.0574e-07,0.7979241,0.03325558,0.001474279,0.6005462
2.05755e-07,0.7981718,0.1225377,0.001477866,0.6005269
2.0577e-07,0.7980199,0.2591711,0.001485921,0.6005675
2.05785e-07,0.7978642,0.4295915,0.001495212,0.6005324
2.058e-07,0.7979199,0.6168659,0.001504194,0.6005511
2.05815e-07,0.7981956,0.8024988,0.001512728,0.6005203
2.0583e-07,0.7977623,0.9680362,0.001521557,0.6005279
2.05845e-07,0.7979567,1.09713,0.001527944,0.6005675
2.0586e-07,0.7981012,1.176952,0.001531977,0.6005545
2.05875e-07,0.7981495,1.199988,0.001533088,0.6005663
2.0589e-07,0.7983574,1.200049,0.001533448,0.6005369
2.05905e-07,0.7978747,1.199991,0.001533676,0.6005651
2.06e-07,0.7982484,1.199974,0.001533195,0.6005814
2.061e-07,0.7981263,1.200017,0.001533629,0.6005618
2.064e-07,0.7983886,1.199996,0.001532814,0.6005458
2.067e-07,0.7985419,1.199982,0.001532552,0.6005762
2.07e-07,0.7987768,1.199989,0.001532752,0.6005771
2.073e-07,0.7988682,1.200004,0.001533612,0.6005789
2.076e-07,0.7987818,1.199975,0.001533373,0.6005161
2.079e-07,0.7991255,1.199996,0.001532474,0.6005668
2.08e-07,0.7990468,1.200003,0.001532782,0.6005293
2.082e-07,0.7994075,1.200006,0.001532315,0.6005833
2.085e-07,0.7992789,1.200013,0.001533224,0.6005444
2.08575e-07,0.7993139,1.200013,0.001533914,0.6005603
2.0859e-07,0.7992496,1.20001,0.001532866,0.600557
2.08605e-07,0.7994045,1.200016,0.001532807,0.6005433
2.0862e-07,0.7991633,1.176893,0.001532466,0.6005424
2.08635e-07,0.7993792,1.101688,0.001527304,0.6005396
2.0865e-07,0.7991584,0.9808524,0.001523019,0.6005633
2.08665e-07,0.7990059,0.8255492,0.001513807,0.600567
2.0868e-07,0.7994273,0.6497507,0.001504077,0.6005764
2.08695e-07,0.7997177,0.4694485,0.001496416,0.6005717
2.0871e-07,0.7992117,0.3009476,0.001488497,0.6005715
2.08725e-07,0.7995387,0.1595898,0.001480336,0.6005703
2.0874e-07,0.7993481,0.05821766,0.001475487,0.600572
2.08755e-07,0.7994331,0.00602917,0.001473661,0.600555
2.0877e-07,0.7994157,-1.865842e-05,0.00147339,0.6005558
2.08785e-07,0.7993737,3.143984e-05,0.001472933,0.6005461
2.088e-07,0.7996731,2.273313e-06,0.001473229,0.6005588
2.091e-07,0.7994857,-2.981699e-06,0.001472981,0.6005827
2.094e-07,0.7997737,1.340609e-05,0.001472005,0.6005838
2.097e-07,0.799886,-1.765363e-05,0.001472752,0.6005491
2.1e-07,0.7998373,-3.425104e-05,0.001473352,0.6005492
2.12e-07,0.8010884,7.246167e-06,0.001472837,0.6005533
2.12095e-07,0.8007958,1.02171e-05,0.001472788,0.600565
2.1211e-07,0.8007611,-2.488354e-05,0.001473244,0.6005846
2.12125e-07,0.8005493,-2.763598e-05,0.001473292,0.6005621
2.1214e-07,0.801219,0.01865043,0.00147339,0.6005688
2.12155e-07,0.8010538,0.09355914,0.00147863,0.6005507
2.1217e-07,0.8006631,0.218645,0.001483436,0.6005607
2.12185e-07,0.8005286,0.3815532,0.00149229,0.6005599
2.122e-07,0.8010523,0.5660924,0.00150082,0.6005468
2.12215e-07,0.8008926,0.7540165,0.001510329,0.6005602
2.1223e-07,0.8011565,0.9266549,0.001519446,0.6005673
2.12245e-07,0.8010229,1.066966,0.001526685,0.6005413
2.1226e-07,0.8011073,1.160913,0.001531679,0.6005612
2.12275e-07,0.8011024,1.199339,0.0015336,0.6005642
2.1229e-07,0.8009755,1.199995,0.00153207,0.6005737
2.12305e-07,0.8009516,1.200025,0.00153196,0.6005658
2.14e-07,0.8016248,1.200038,0.001533387,0.6005608
2.14975e-07,0.8017902,1.199967,0.001532664,0.600576
2.1499e-07,0.8014379,1.199984,0.001533668,0.6006208
2.15005e-07,0.8020057,1.199951,0.001531848,0.6005652
2.1502e-07,0.8022551,1.179484,0.001531924,0.6005853
2.15035e-07,0.8017446,1.106861,0.001528873,0.6005808
2.1505e-07,0.8019778,0.9882737,0.001522633,0.6005592
2.15065e-07,0.8018757,0.8344291,0.001514726,0.6006149
2.1508e-07,0.80196,0.6593378,0.001505699,0.6005877
2.15095e-07,0.802136,0.4788565,0.001497137,0.6005344
2.1511e-07,0.8018315,0.3093658,0.001489475,0.6005854
2.15125e-07,0.8018051,0.1662258,0.001482496,0.6005909
2.1514e-07,0.8017935,0.06243532,0.001476081,0.6005672
2.15155e-07,0.8020491,0.007494543,0.001472717,0.6005468
2.1517e-07,0.8021256,-9.453563e-06,0.001473158,0.6005502
2.15185e-07,0.8020515,-3.021931e-05,0.001473754,0.6005706
2.16e-07,0.8019153,8.582941e-06,0.001473794,0.6005263
2.18e-07,0.8023364,-1.107321e-05,0.001473162,0.6005599
2.18495e-07,0.8022411,7.231474e-06,0.001471558,0.6005732
2.1851e-07,0.8022749,3.09666e-06,0.001472255,0.6005754
2.18525e-07,0.8022284,-7.552158e-06,0.00147324,0.6005651
2.1854e-07,0.80202,0.01739504,0.001474156,0.6006004
2.18555e-07,0.8024331,0.09090062,0.00147786,0.6005836
2.1857e-07,0.8025706,0.2148828,0.001483953,0.6005982
2.18585e-07,0.8024858,0.3769655,0.001491744,0.6005731
2.186e-07,0.8025687,0.5612088,0.001501368,0.6005608
2.18615e-07,0.802499,0.7492791,0.001510177,0.6005837
2.1863e-07,0.8023952,0.9225489,0.001519128,0.6006049
2.18645e-07,0.8023581,1.063857,0.001526157,0.6006114
2.1866e-07,0.8023531,1.159193,0.001531044,0.6005667
2.18675e-07,0.8022665,1.199085,0.001532866,0.6005635
2.1869e-07,0.8025595,1.200023,0.001533014,0.6005746
2.18705e-07,0.8023208,1.199958,0.001531931,0.6005833
2.2e-07,0.8022524,1.200017,0.001532524,0.6005931
2.21375e-07,0.8021828,1.2,0.001532957,0.6005643
2.2139e-07,0.8021229,1.200025,0.001532619,0.6005772
2.21405e-07,0.8025019,1.198577,0.001533089,0.6005964
2.2142e-07,0.8023219,1.15912,0.001530955,0.6005898
2.21435e-07,0.8023803,1.06892,0.00152545,0.600578
2.2145e-07,0.8022793,0.9361574,0.001520242,0.600583
2.21465e-07,0.8021656,0.7729222,0.001512173,0.6006019
2.2148e-07,0.8021525,0.5940097,0.001502459,0.6005734
2.21495e-07,0.8021785,0.4155727,0.001493696,0.6005881
2.2151e-07,0.8023087,0.2539117,0.001486266,0.6006095
2.21525e-07,0.8021292,0.1236565,0.001479036,0.6005798
2.2154e-07,0.8023735,0.03663977,0.001475302,0.6005916
2.21555e-07,0.802273,0.0007081584,0.001472336,0.6005691
2.2157e-07,0.8024307,-1.079484e-05,0.001473709,0.600584
2.21585e-07,0.8026146,-3.845361e-05,0.00147331,0.6006036
2.22e-07,0.8022977,-1.684606e-05,0.001472668,0.6005826
2.24e-07,0.801991,-1.549418e-05,0.001472527,0.6006045
2.24895e-07,0.8015516,-2.127356e-06,0.001473327,0.6005792
2.2491e-07,0.8015165,-1.195753e-05,0.001473076,0.6005755
2.24925e-07,0.8015271,-2.893688e-05,0.001472805,0.600628
2.2494e-07,0.8012961,0.03014457,0.001474911,0.6005941
2.24955e-07,0.801533,0.1167832,0.001479628,0.6006207
2.2497e-07,0.8015953,0.2513413,0.001485894,0.6006013
2.24985e-07,0.801482,0.4203906,0.001494591,0.6005774
2.25e-07,0.8014747,0.6072345,0.001503768,0.6005855
2.25015e-07,0.8015584,0.7934349,0.001512611,0.6005978
2.2503e-07,0.8014295,0.9604005,0.001521492,0.6005975
2.25045e-07,0.8013956,1.091659,0.00152804,0.6005838
2.2506e-07,0.8015092,1.174187,0.001531658,0.600602
2.25075e-07,0.8015581,1.199978,0.001533331,0.600619
2.2509e-07,0.8016606,1.199946,0.001533118,0.6005921
2.25105e-07,0.8014515,1.199972,0.001532935,0.6005732
2.26e-07,0.8010963,1.200008,0.001533609,0.6006223
2.27775e-07,0.8007514,1.20007,0.00153221,0.6005988
2.2779e-07,0.8004728,1.200015,0.001532309,0.6005845
2.27805e-07,0.8006739,1.199988,0.001533087,0.6006282
2.2782e-07,0.8004614,1.174106,0.001531234,0.6006141
2.27835e-07,0.8009109,1.096235,0.00152815,0.6005964
2.2785e-07,0.8005123,0.973263,0.001522135,0.6005952
2.27865e-07,0.8008662,0.8164409,0.001513495,0.6005809
2.2788e-07,0.8005085,0.6399736,0.001504862,0.600603
2.27895e-07,0.8004317,0.4598896,0.001496623,0.6005994
2.2791e-07,0.8006148,0.2925098,0.001487866,0.6006016
2.27925e-07,0.8008581,0.1530278,0.001480565,0.6005911
2.2794e-07,0.8008758,0.05410747,0.001475958,0.6006165
2.27955e-07,0.8004563,0.004714785,0.001472314,0.6006119
2.2797e-07,0.8005575,1.573434e-06,0.00147247,0.6005847
2.27985e-07,0.8006048,1.152151e-05,0.001472412,0.6005918
2.28e-07,0.8006803,2.147919e-05,0.001473513,0.600623
2.3e-07,0.7999885,-7.46717e-06,0.001473509,0.6006576
2.31295e-07,0.7998604,1.575686e-05,0.001472389,0.6005943
2.3131e-07,0.7993829,-7.616213e-07,0.001472001,0.6006277
2.31325e-07,0.799559,0.00180304,0.001472405,0.6006338
2.3134e-07,0.7995061,0.04593301,0.001475577,0.6006264
2.31355e-07,0.7997865,0.1448898,0.001480255,0.6006134
2.3137e-07,0.7994226,0.2890217,0.001487909,0.600666
2.31385e-07,0.7999005,0.4639589,0.001496281,0.6006
2.314e-07,0.7996089,0.6523501,0.00150561,0.6006001
2.31415e-07,0.7993475,0.8355874,0.001515058,0.6006061
2.3143e-07,0.7996279,0.9954604,0.001522498,0.6006283
2.31445e-07,0.7993979,1.116149,0.001529156,0.6006123
2.3146e-07,0.7997472,1.18568,0.001532064,0.6005936
2.31475e-07,0.7995627,1.199998,0.001533334,0.6006405
2.3149e-07,0.799783,1.200005,0.001531904,0.600611
2.31505e-07,0.7995474,1.19998,0.001532218,0.6006223
2.32e-07,0.7995018,1.19996,0.001533375,0.6006252
2.34e-07,0.7987588,1.200037,0.001533026,0.6006262
2.34175e-07,0.7987132,1.200011,0.001533307,0.600612
2.3419e-07,0.7987536,1.199998,0.001533181,0.6005968
2.34205e-07,0.7989852,1.199486,0.00153383,0.6006251
2.3422e-07,0.7990393,1.164693,0.001531637,0.6006235
2.34235e-07,0.7986836,1.078632,0.001526779,0.600623
2.3425e-07,0.7987008,0.9492095,0.001520886,0.6006289
2.34265e-07,0.7987686,0.7880084,0.001512746,0.6006193
2.3428e-07,0.7987834,0.6098254,0.00150307,0.600647
2.34295e-07,0.7987526,0.4307043,0.001494343,0.6006158
2.3431e-07,0.7986977,0.2669639,0.001486656,0.6006273
2.34325e-07,0.7990634,0.133496,0.001479895,0.6006014
2.3434e-07,0.7987572,0.0422719,0.001474624,0.6006266
2.34355e-07,0.7990308,0.001672232,0.001473241,0.6006236
2.3437e-07,0.7988925,2.233618e-06,0.001472454,0.600586
2.34385e-07,0.7988425,-3.79109e-05,0.001473079,0.6006331
2.36e-07,0.7984096,-2.257441e-05,0.001471947,0.6006304
2.37695e-07,0.7986642,-1.527569e-05,0.001473663,0.6006474
2.3771e-07,0.7983677,2.091855e-05,0.001472471,0.600627
2.37725e-07,0.7984103,7.468514e-06,0.001473351,0.6006259
2.3774e-07,0.7985434,0.02615671,0.001474769,0.6006705
2.37755e-07,0.7984451,0.1090451,0.001478496,0.6006314
2.3777e-07,0.7984684,0.2406285,0.001484681,0.6006203
2.37785e-07,0.7984172,0.4077758,0.001493256,0.6006304
2.378e-07,0.7982852,0.593984,0.001502732,0.6006164
2.37815e-07,0.7985543,0.7808269,0.001511631,0.600625
2.3783e-07,0.7982473,0.9497529,0.001520082,0.6006335
2.37845e-07,0.7984096,1.083957,0.001527349,0.6006149
2.3786e-07,0.7984326,1.170264,0.00153183,0.6006354
2.37875e-07,0.7981707,1.200014,0.001533747,0.6006304
2.3789e-07,0.798564,1.199965,0.001532657,0.6006667
2.37905e-07,0.798438,1.2,0.001533136,0.6006721
2.38e-07,0.7984931,1.200012,0.001533102,0.600647
2.4e-07,0.7980674,1.200014,0.001533678,0.6006436
2.40575e-07,0.7982293,1.199987,0.001532486,0.6006368
2.4059e-07,0.7982273,1.199977,0.001531886,0.6006109
2.40605e-07,0.7984226,1.199972,0.001532459,0.6006642
2.4062e-07,0.7981631,1.171289,0.001531468,0.6006282
2.40635e-07,0.7984193,1.090739,0.001527916,0.600646
2.4065e-07,0.7984863,0.9656807,0.001521109,0.6006152
2.40665e-07,0.798439,0.8074744,0.001513601,0.6006493
2.4068e-07,0.79825,0.6303856,0.001504396,0.6006536
2.40695e-07,0.7983511,0.4505752,0.001494317,0.6006054
2.4071e-07,0.7984887,0.2843098,0.001487309,0.6006589
2.40725e-07,0.7984657,0.1466904,0.001480023,0.6006451
2.4074e-07,0.7984588,0.05016912,0.001475934,0.6006196
2.40755e-07,0.7986407,0.003608872,0.001472579,0.6006064
2.4077e-07,0.7983185,-1.342048e-05,0.001474005,0.600652
2.40785e-07,0.7984446,-2.76071e-05,0.001473204,0.6006305
2.42e-07,0.7987324,7.625721e-06,0.001473042,0.6006303
2.44e-07,0.7989307,-1.005681e-05,0.001472382,0.6005801
2.44095e-07,0.7988071,2.785337e-05,0.001473581,0.6006452
2.4411e-07,0.7988384,-1.195271e-05,0.001473631,0.6006381
2.44125e-07,0.7989033,6.882914e-06,0.001472769,0.6006558
2.4414e-07,0.7986931,0.02797198,0.001474713,0.6006433
2.44155e-07,0.7989748,0.112617,0.00147838,0.6006491
2.4417e-07,0.7986105,0.2455774,0.00148536,0.6006444
2.44185e-07,0.7989547,0.413636,0.001494032,0.600628
2.442e-07,0.799155,0.6001594,0.001502365,0.6006566
2.44215e-07,0.7988545,0.786663,0.001511723,0.6006294
2.4423e-07,0.7988694,0.9546982,0.001522096,0.600598
2.44245e-07,0.7987672,1.087549,0.001527493,0.6006302
2.4426e-07,0.7988951,1.172109,0.00153202,0.6006812
2.44275e-07,0.7989231,1.199981,0.00153299,0.6006251
2.4429e-07,0.7990033,1.19999,0.001532999,0.6006397
2.44305e-07,0.7989232,1.19998,0.001532794,0.6006176
2.46e-07,0.7990893,1.199963,0.001531898,0.6006668
2.46975e-07,0.7991292,1.200006,0.001532492,0.6006502
2.4699e-07,0.7994401,1.19998,0.00153266,0.6006544
2.47005e-07,0.7991473,1.196798,0.001533238,0.6006913
2.4702e-07,0.7990097,1.151317,0.001530974,0.6006813
2.47035e-07,0.7996405,1.05575,0.001526243,0.6006372
2.4705e-07,0.7994639,0.9188491,0.001518528,0.6006615
2.47065e-07,0.7992293,0.7530337,0.001511167,0.6006714
2.4708e-07,0.799321,0.5733475,0.001502115,0.6006518
2.47095e-07,0.7992543,0.3960616,0.001492774,0.6006616
2.4711e-07,0.7992275,0.2372993,0.001484797,0.6006788
2.47125e-07,0.7995942,0.1114279,0.001478104,0.6006513
2.4714e-07,0.7993865,0.02982133,0.001474143,0.6006465
2.47155e-07,0.7995652,5.512693e-05,0.001473095,0.6006834
2.4717e-07,0.7993583,-3.554503e-05,0.001473399,0.6006541
2.47185e-07,0.7994656,3.664029e-05,0.00147269,0.6006693
2.48e-07,0.7995089,-3.174656e-05,0.0014731,0.6006393
2.5e-07,0.7999475,-3.658412e-06,0.001471707,0.6006737
2.50002e-07,0.800097,1.857832e-05,0.001472803,0.6006145
2.50004e-07,0.8000198,2.693193e-05,0.001473986,0.6006572
2.50006e-07,0.799968,-4.010554e-05,0.001473732,0.600669
2.50008e-07,0.7995546,1.158945e-06,0.001472892,0.6006997
2.5001e-07,0.8001412,-1.347393e-06,0.001473662,0.6006543
2.50012e-07,0.7998951,-1.03637e-05,0.001472154,0.6006456
2.50014e-07,0.7998811,1.000449e-05,0.001473015,0.600655
2.50016e-07,0.7999782,1.212339e-05,0.001472941,0.6006251
2.50018e-07,0.8000348,-7.528897e-06,0.001473062,0.6006459
2.5002e-07,0.7999918,-1.687842e-05,0.001473041,0.6006525
2.50022e-07,0.7997858,2.279252e-05,0.001473462,0.6006581
2.50024e-07,0.8002087,-1.300239e-05,0.00147239,0.6006817
2.50026e-07,0.7999434,2.455884e-06,0.001472653,0.6006818
2.50028e-07,0.7998799,1.637699e-05,0.001473568,0.6006424
2.5003e-07,0.7999008,2.813993e-06,0.001473922,0.6006558
2.50032e-07,0.8001325,-3.322077e-05,0.00147355,0.6006631
2.50034e-07,0.799925,1.917495e-05,0.001472752,0.6006683
2.50036e-07,0.7999988,1.896389e-06,0.001473158,0.600623
2.50038e-07,0.8000179,1.807239e-06,0.001473194,0.6006347
2.5004e-07,0.8000588,-5.065029e-05,0.00147419,0.600653
2.50042e-07,0.7997326,-3.76821e-06,0.001472853,0.6006427
2.50044e-07,0.8002998,-2.894667e-05,0.001472771,0.6006937
2.50046e-07,0.7998296,7.022276e-05,0.001472297,0.6006829
2.50048e-07,0.8001551,1.675164e-05,0.001472828,0.6006646
2.5005e-07,0.8002726,-6.657502e-06,0.001472935,0.6006635
2.50052e-07,0.7999766,1.842038e-05,0.001473802,0.6006811
2.50054e-07,0.7999236,1.852421e-05,0.00147345,0.6006892
2.50056e-07,0.8001695,-1.017878e-05,0.001472942,0.6006603
2.50058e-07,0.7999857,2.278479e-06,0.001472744,0.6006453
2.5006e-07,0.8000707,2.339696e-06,0.001473746,0.600678
2.50495e-07,0.800128,4.143867e-07,0.001472598,0.600664
2.5051e-07,0.8003476,-2.123633e-05,0.001473179,0.6006637
2.50525e-07,0.800286,0.0005786851,0.001473219,0.6006446
2.5054e-07,0.8001288,0.03854309,0.001475602,0.6006502
2.50555e-07,0.8002348,0.1321791,0.00147991,0.6006733
2.5057e-07,0.8001743,0.2721699,0.00148624,0.6007026
2.50585e-07,0.8001851,0.4446408,0.001495824,0.6006623
2.506e-07,0.8002119,0.632524,0.001504885,0.6006616
2.50615e-07,0.800189,0.8171374,0.001513992,0.6006831
2.5063e-07,0.799916,0.9802989,0.001521807,0.6006403
2.50645e-07,0.8003844,1.105728,0.00152847,0.6006808
2.5066e-07,0.800201,1.181039,0.001531414,0.6006843
2.50675e-07,0.8004171,1.200005,0.001532526,0.6006863
2.5069e-07,0.8000954,1.199973,0.001532919,0.6006529
2.50705e-07,0.8001536,1.200006,0.001532164,0.6006509
2.52e-07,0.8001401,1.199986,0.001532277,0.6006767
2.53375e-07,0.8008003,1.200025,0.001533477,0.600701
2.5339e-07,0.8006026,1.200009,0.001533024,0.6006547
2.53405e-07,0.800695,1.196937,0.001531568,0.6006879
2.5342e-07,0.8006714,1.151927,0.001530649,0.6006816
2.53435e-07,0.8004532,1.056821,0.0015262,0.6006453
2.5345e-07,0.8006802,0.9202918,0.001518763,0.6007052
2.53465e-07,0.8005402,0.7546231,0.001510957,0.6006746
2.5348e-07,0.80069,0.5749632,0.001501092,0.6006644
2.53495e-07,0.8004781,0.3975778,0.001493983,0.6006732
2.5351e-07,0.8006993,0.2385802,0.001484793,0.6006961
2.53525e-07,0.8002856,0.112383,0.001479137,0.6006437
2.5354e-07,0.8006483,0.03035652,0.001475878,0.600668
2.53555e-07,0.8004991,7.765716e-05,0.00147271,0.6006492
2.5357e-07,0.8008591,-1.032576e-06,0.001472937,0.6006818
2.53585e-07,0.8007738,1.745773e-05,0.001472483,0.6006808
2.54e-07,0.80066,-5.325468e-05,0.001473311,0.6006481
2.56e-07,0.8008269,-5.046931e-06,0.001472112,0.6006753
2.56895e-07,0.8010168,1.975634e-06,0.001473041,0.600668
2.5691e-07,0.8011971,-1.320818e-06,0.001473678,0.6006849
2.56925e-07,0.8010079,-7.801107e-06,0.001473463,0.6007384
2.5694e-07,0.8012798,0.02320928,0.001474678,0.6007507
2.56955e-07,0.8012985,0.1031733,0.00147826,0.6006858
2.5697e-07,0.8009493,0.2323256,0.001484402,0.6006833
2.56985e-07,0.8010096,0.397967,0.001493319,0.6006534
2.57e-07,0.8009651,0.5836134,0.001500833,0.6006565
2.57015e-07,0.8008568,0.7708902,0.00151181,0.6006778
2.5703e-07,0.8010825,0.941216,0.001519677,0.6006757
2.57045e-07,0.8009687,1.077736,0.001526948,0.6007058
2.5706e-07,0.8011504,1.166927,0.00153115,0.6006906
2.57075e-07,0.8006717,1.199905,0.001532743,0.6006471
2.5709e-07,0.8010016,1.199983,0.001532842,0.6006797
2.57105e-07,0.8010093,1.200043,0.001533066,0.6006596
2.58e-07,0.8011199,1.199985,0.001533009,0.6006639
2.59775e-07,0.8011569,1.200002,0.00153238,0.6006632
2.5979e-07,0.8010542,1.200002,0.001533047,0.600673
2.59805e-07,0.8006953,1.198667,0.001532468,0.600668
2.5982e-07,0.8010356,1.1596,0.001531256,0.6006885
2.59835e-07,0.8009171,1.069736,0.001526055,0.6006828
2.5985e-07,0.8013229,0.9372831,0.001518619,0.6007103
2.59865e-07,0.8010227,0.7741951,0.001511932,0.6007068
2.5988e-07,0.801146,0.5953261,0.001502187,0.6006955
2.59895e-07,0.8012907,0.4168639,0.001494129,0.6006931
2.5991e-07,0.8009489,0.2550057,0.001485456,0.6007343
2.59925e-07,0.8009835,0.1244729,0.00147887,0.6006974
2.5994e-07,0.801125,0.03703107,0.001474574,0.6006982
2.59955e-07,0.8011947,0.0007884742,0.00147376,0.6006666
2.5997e-07,0.8011995,-6.710814e-07,0.001472606,0.6006666
2.59985e-07,0.8011592,2.325428e-05,0.001473183,0.6006837
2.6e-07,0.8012039,8.234578e-06,0.001472532,0.6006686
2.62e-07,0.8012443,1.321769e-05,0.001473579,0.6007116
2.63295e-07,0.8009119,4.264492e-07,0.00147378,0.6006834
2.6331e-07,0.8008278,-1.980049e-05,0.001473571,0.6007121
2.63325e-07,0.8009406,1.00675e-05,0.001473253,0.6006825
2.6334e-07,0.8007517,0.0249107,0.001473137,0.6007074
2.63355e-07,0.8008908,0.1066209,0.001478541,0.6006992
2.6337e-07,0.8009949,0.2372332,0.001485082,0.6007057
2.63385e-07,0.8010008,0.4037641,0.001492731,0.6007034
2.634e-07,0.8006423,0.589759,0.001502114,0.6007009
2.63415e-07,0.8007366,0.7767736,0.001510925,0.6007007
2.6343e-07,0.8008805,0.9462566,0.001520912,0.6007103
2.63445e-07,0.8010986,1.081442,0.001526941,0.6006853
2.6346e-07,0.8008052,1.168903,0.001531178,0.600714
2.63475e-07,0.8009187,1.19996,0.001532562,0.6006931
2.6349e-07,0.8007547,1.200004,0.001533348,0.6006913
2.63505e-07,0.8009986,1.199983,0.001533091,0.6006953
2.64e-07,0.8011387,1.200014,0.001532819,0.6007093
2.66e-07,0.8004321,1.200019,0.00153258,0.6007392
2.66175e-07,0.8006573,1.199982,0.001533207,0.6007177
2.6619e-07,0.8007993,1.199978,0.001533624,0.6007508
2.66205e-07,0.8004493,1.20002,0.001534029,0.6006969
2.6622e-07,0.8007563,1.178413,0.001531753,0.6007192
2.66235e-07,0.8006453,1.104678,0.001528531,0.6007104
2.6625e-07,0.8002973,0.985184,0.001521838,0.6007012
2.66265e-07,0.800328,0.8306979,0.001514381,0.6006835
2.6628e-07,0.8003344,0.6553588,0.001505937,0.6007417
2.66295e-07,0.8005764,0.4749078,0.001496854,0.6007018
2.6631e-07,0.8005491,0.3058339,0.001488587,0.6007228
2.66325e-07,0.8003303,0.1634298,0.001480906,0.6007227
2.6634e-07,0.8006157,0.06069079,0.001475464,0.6006704
2.66355e-07,0.8008497,0.006831094,0.001473575,0.6007031
2.6637e-07,0.8003543,7.273764e-06,0.001472779,0.6007103
2.66385e-07,0.8004842,-6.77285e-06,0.001472806,0.6007152
2.68e-07,0.8005423,-3.06609e-06,0.001473445,0.6007139
2.69695e-07,0.800034,8.707289e-06,0.00147329,0.6007205
2.6971e-07,0.8002867,-4.986205e-06,0.001473169,0.6006886
2.69725e-07,0.7998401,-3.159332e-05,0.001472966,0.6007534
2.6974e-07,0.799951,0.02609251,0.001474588,0.6007143
2.69755e-07,0.8003261,0.1089044,0.001479095,0.6007353
2.6977e-07,0.8000467,0.2404023,0.001484843,0.6007075
2.69785e-07,0.8002564,0.4075307,0.001494179,0.6007235
2.698e-07,0.8000872,0.593708,0.001503247,0.6007224
2.69815e-07,0.8001924,0.7805875,0.001512534,0.600728
2.6983e-07,0.7998306,0.9495662,0.001520893,0.60071
2.69845e-07,0.7998482,1.083825,0.001527873,0.6007053
2.6986e-07,0.8000813,1.170142,0.001530993,0.600706
2.69875e-07,0.8003575,1.200011,0.001533026,0.6007295
2.6989e-07,0.8001113,1.200029,0.001532501,0.6007131
2.69905e-07,0.7998356,1.199971,0.001533214,0.6007407
2.7e-07,0.7998733,1.200002,0.001533081,0.6007042
2.72e-07,0.7996416,1.200021,0.001533119,0.6007228
2.72575e-07,0.7997945,1.200009,0.001532771,0.6007279
2.7259e-07,0.7996223,1.200022,0.001533011,0.6007193
2.72605e-07,0.7999289,1.192003,0.001532158,0.6007688
2.7262e-07,0.7995972,1.136148,0.001529889,0.6007311
2.72635e-07,0.7997332,1.031588,0.001524775,0.6007048
2.7265e-07,0.7996227,0.8878817,0.00151773,0.6007233
2.72665e-07,0.8001251,0.7180048,0.001508884,0.6007241
2.7268e-07,0.7996145,0.5375026,0.001499897,0.600745
2.72695e-07,0.7997409,0.3626278,0.001490619,0.6007106
2.7271e-07,0.7994863,0.2093014,0.001483845,0.6007519
2.72725e-07,0.7994903,0.0914311,0.00147774,0.6007132
2.7274e-07,0.7994844,0.01968163,0.001474239,0.6007039
2.72755e-07,0.799852,5.63775e-06,0.001472522,0.60071
2.7277e-07,0.7997973,-1.482202e-05,0.001472851,0.6007139
2.72785e-07,0.7996998,-1.018497e-05,0.001472692,0.6006998
2.74e-07,0.7995227,-1.462743e-05,0.001473115,0.6007369
2.76e-07,0.7992201,3.75543e-06,0.001473178,0.6007427
2.76095e-07,0.7993316,1.399077e-06,0.001473475,0.6007548
2.7611e-07,0.7994075,3.168813e-05,0.001473045,0.6007257
2.76125e-07,0.7993732,0.001392973,0.001472958,0.6007613
2.7614e-07,0.7993203,0.04394167,0.001475675,0.6007655
2.76155e-07,0.7992779,0.141615,0.001480073,0.6007535
2.7617e-07,0.7993098,0.284674,0.001487074,0.6007096
2.76185e-07,0.7993873,0.4589863,0.001495953,0.6007392
2.762e-07,0.7994135,0.6472464,0.00150589,0.6007434
2.76215e-07,0.7993434,0.8308702,0.001514419,0.6007283
2.7623e-07,0.7991762,0.9916255,0.001522307,0.6007306
2.76245e-07,0.7995159,1.113552,0.001528313,0.6007539
2.7626e-07,0.7994687,1.184547,0.001531887,0.6007564
2.76275e-07,0.7995385,1.200019,0.001533119,0.6007256
2.7629e-07,0.7992641,1.199975,0.001532314,0.6007387
2.76305e-07,0.7994013,1.200001,0.001532678,0.6007428
2.78e-07,0.7992059,1.200028,0.001532444,0.6007624
2.78975e-07,0.7995834,1.200006,0.001533088,0.6007322
2.7899e-07,0.7993879,1.199986,0.001532965,0.600727
2.79005e-07,0.7995482,1.199719,0.001533958,0.6007468
2.7902e-07,0.7993113,1.166484,0.001531193,0.6007403
2.79035e-07,0.7990008,1.081908,0.001527136,0.6007365
2.7905e-07,0.7991176,0.9535766,0.001520514,0.6007252
2.79065e-07,0.7992728,0.7931716,0.001512755,0.600759
2.7908e-07,0.7995532,0.6152407,0.001504137,0.6007423
2.79095e-07,0.7991728,0.4359812,0.001495724,0.6007541
2.7911e-07,0.7991444,0.2715304,0.00148752,0.6007341
2.79125e-07,0.7993025,0.1369216,0.001479506,0.600742
2.7914e-07,0.7993654,0.04430315,0.001474989,0.6007507
2.79155e-07,0.7992072,0.00208455,0.001473682,0.6007646
2.7917e-07,0.7993181,3.504752e-06,0.00147281,0.6007166
2.79185e-07,0.7994172,-3.854278e-06,0.001472214,0.6007475
2.8e-07,0.799305,-3.381933e-05,0.001472759,0.6007556
2.82e-07,0.7993535,-3.501033e-05,0.001472293,0.6007413
2.82495e-07,0.7989916,-3.076552e-05,0.001472642,0.6007272
2.8251e-07,0.799353,8.534965e-06,0.001473354,0.600755
2.82525e-07,0.7992927,-1.838527e-05,0.001472493,0.6007628
2.8254e-07,0.7994291,0.02635557,0.001474506,0.6007621
2.82555e-07,0.7993642,0.1093919,0.001477717,0.6007683
2.8257e-07,0.79936,0.2411147,0.00148471,0.6007925
2.82585e-07,0.7993879,0.4083783,0.001492828,0.6007827
2.826e-07,0.7994437,0.5945981,0.001503188,0.6007274
2.82615e-07,0.7995448,0.7813997,0.001513088,0.6007611
2.8263e-07,0.7994256,0.9502342,0.001520465,0.6007375
2.82645e-07,0.7993189,1.08429,0.001527246,0.6007343
2.8266e-07,0.7994348,1.17043,0.001531934,0.600761
2.82675e-07,0.7991087,1.199986,0.00153238,0.6007463
2.8269e-07,0.7994212,1.199961,0.001533096,0.600782
2.82705e-07,0.7993845,1.200024,0.001533075,0.6007798
2.84e-07,0.7993491,1.200006,0.001533258,0.6007681
2.85375e-07,0.7994938,1.200024,0.001533317,0.6007972
2.8539e-07,0.7997323,1.200023,0.001532772,0.6007578
2.85405e-07,0.7994693,1.199448,0.001532116,0.6007685
2.8542e-07,0.7995229,1.164655,0.001531133,0.6007636
2.85435e-07,0.7995206,1.078646,0.00152729,0.6007135
2.8545e-07,0.7995818,0.9492079,0.001519648,0.6007472
2.85465e-07,0.7994185,0.7880427,0.001511495,0.600749
2.8548e-07,0.7995201,0.6098541,0.001504048,0.6007847
2.85495e-07,0.7996536,0.4307558,0.001495131,0.6007699
2.8551e-07,0.79961,0.2670092,0.001485406,0.6007662
2.85525e-07,0.7995348,0.1334719,0.001480162,0.6007887
2.8554e-07,0.7993899,0.04227257,0.001474565,0.6007576
2.85555e-07,0.799781,0.001719866,0.001473552,0.6007736
2.8557e-07,0.7997158,2.416509e-05,0.001472515,0.600732
2.85585e-07,0.7998035,-2.734549e-05,0.001472913,0.6007493
2.86e-07,0.7997766,-7.668247e-06,0.001473207,0.6007643
2.88e-07,0.7997095,-2.42565e-05,0.001472598,0.6007477
2.88895e-07,0.7998364,2.201604e-05,0.001472,0.6007522
2.8891e-07,0.7997635,-2.445745e-05,0.001473692,0.600769
2.88925e-07,0.7996749,0.0008987046,0.001473434,0.6007802
2.8894e-07,0.7998946,0.04098402,0.001474302,0.6007391
2.88955e-07,0.8000492,0.1364038,0.001479167,0.600788
2.8897e-07,0.7999705,0.2777993,0.001486899,0.6007405
2.88985e-07,0.8002835,0.4511503,0.001495547,0.600796
2.89e-07,0.7997343,0.6391943,0.001504613,0.6007442
2.89015e-07,0.7997961,0.8234243,0.001514255,0.6007612
2.8903e-07,0.799943,0.9854118,0.001521082,0.6007608
2.89045e-07,0.7999098,1.10933,0.001528605,0.6007551
2.8906e-07,0.799925,1.182677,0.001532796,0.600767
2.89075e-07,0.7999419,1.199978,0.001532963,0.6007835
2.8909e-07,0.8001578,1.200003,0.001533341,0.6007463
2.89105e-07,0.7998355,1.199973,0.001532014,0.6007312
2.9e-07,0.7999023,1.199999,0.0015331,0.6007697
2.91775e-07,0.8003341,1.200003,0.001532383,0.600818
2.9179e-07,0.8002308,1.199989,0.001533357,0.6007472
2.91805e-07,0.800185,1.199991,0.001533222,0.6007407
2.9182e-07,0.8002,1.18204,0.00153174,0.6008031
2.91835e-07,0.8002246,1.11233,0.001529379,0.6007817
2.9185e-07,0.8000593,0.9960649,0.001523073,0.6007801
2.91865e-07,0.8000301,0.8438942,0.001515434,0.6008068
2.9188e-07,0.8002144,0.6695586,0.001505922,0.6007747
2.91895e-07,0.8000804,0.4889283,0.00149842,0.6007989
2.9191e-07,0.8001854,0.3183589,0.001489645,0.6007929
2.91925e-07,0.8004359,0.1733722,0.001481122,0.6008009
2.9194e-07,0.8002437,0.06713241,0.001476268,0.6007777
2.91955e-07,0.8002095,0.009175446,0.001473385,0.6007873
2.9197e-07,0.8000529,-3.784227e-05,0.001472623,0.6007346
2.91985e-07,0.8005698,-1.769368e-05,0.001473277,0.6007314
2.92e-07,0.8004279,-9.2075e-06,0.001473052,0.6007971
2.94e-07,0.8001511,1.293294e-05,0.001473697,0.600749
2.95295e-07,0.800527,1.770058e-05,0.001473536,0.6007486
2.9531e-07,0.8004166,-1.463732e-05,0.001473274,0.6007909
2.95325e-07,0.8003724,2.201733e-05,0.001472964,0.6007658
2.9534e-07,0.8006072,0.02243535,0.001474461,0.6007991
2.95355e-07,0.8004818,0.1015532,0.001478851,0.6007194
2.9537e-07,0.8003215,0.230052,0.001484715,0.6007992
2.95385e-07,0.8005182,0.3952391,0.001492372,0.6007727
2.954e-07,0.800591,0.5807025,0.001501915,0.6007698
2.95415e-07,0.8004465,0.7681518,0.001511492,0.6008052
2.9543e-07,0.8004982,0.9388209,0.001519699,0.6008229
2.95445e-07,0.8004817,1.076,0.001526915,0.6007621
2.9546e-07,0.8001412,1.16597,0.001531314,0.6008229
2.95475e-07,0.8004539,1.199866,0.001532922,0.6008057
2.9549e-07,0.8007087,1.200001,0.001532898,0.6008245
2.95505e-07,0.8003941,1.19998,0.001532705,0.6007895
2.96e-07,0.8004107,1.199996,0.001533238,0.6007955
2.98e-07,0.8004052,1.200027,0.00153375,0.6008016
2.98175e-07,0.8005438,1.200008,0.001533604,0.600799
2.9819e-07,0.8003963,1.2,0.001532751,0.6008045
2.98205e-07,0.800231,1.197445,0.001532711,0.6008294
2.9822e-07,0.8003882,1.153758,0.001530546,0.6007977
2.98235e-07,0.8005206,1.059832,0.00152443,0.6008236
2.9825e-07,0.8001404,0.9242414,0.00151905,0.6008044
2.98265e-07,0.8003684,0.7591079,0.001510697,0.6008023
2.9828e-07,0.8003,0.579674,0.00150248,0.6007791
2.98295e-07,0.8002748,0.4020239,0.001492906,0.600778
2.9831e-07,0.8002485,0.2423108,0.001485261,0.6007917
2.98325e-07,0.8002475,0.1150621,0.001479399,0.6008006
2.9834e-07,0.8006561,0.03185619,0.001474727,0.6007895
2.98355e-07,0.8004373,0.0001915242,0.001472253,0.6007609
2.9837e-07,0.8004214,1.392176e-05,0.001472172,0.600794
2.98385e-07,0.8001211,2.534991e-05,0.00147363,0.6007753
3e-07,0.8005009,7.34978e-06,0.001473931,0.6008074
